drop table if exists profile cascade ;
drop table if exists friend cascade ;
drop table if exists message cascade ;
drop table if exists agroup cascade ;
drop table if exists groupMember cascade ;

create table profile(
    userID integer,
    name varchar(50) not null,
    email varchar(50) unique,
    password varchar(50) not null,
    date_of_birth date not null ,
    lastlogin timestamp not null,
    constraint pk_profile primary key (userID)
);

create table friend(
    userID1 integer,
    userID2 integer,
    JDate date not null,
    message varchar(200) not null,
    constraint pk_friend primary key (userID1,userID2),
    constraint fk_friend_user1 foreign key (userID1) references profile (userID) deferrable,
    constraint fk_friend_user2 foreign key (userID2) references profile (userID) deferrable
);

create table message(
    msgID integer,
    fromID integer not null,
    message varchar(200) not null,
    toUserID integer default null,
    toGroupID integer default null,
    timeSent timestamp not null,
    constraint pk_message primary key (msgID),
    constraint fk_message_fromID foreign key (fromID) references profile (userID),
    constraint fk_message_toUserID foreign key (toUserID) references profile (userID)
);

create table agroup(
    gID integer,
    name varchar(50),
    alimit integer,
    description varchar(200),
    constraint pk_agroup primary key (gID)
);

create table groupMember(
    gID integer,
    userID integer,
    role varchar(20),
    constraint pk_groupMember primary key (gID, userID),
    constraint fk_groupMember_gID foreign key (gID) references agroup (gID),
    constraint fk_groupMember_userID foreign key (userID) references profile (userID)
);


insert into profile values(0,'ANTONIA MCFARLAND','uruguayclients@gmail.com','mrna',to_date('1985-10-20','YYYY-MM-DD'),to_timestamp('2019-05-13 00:00:00', 'YYYY-MM-DD HH24:MI:SS'));
insert into profile values(1,'TAMMY HUBER','rogerssurname@pitt.edu','detection',to_date('1979-08-27','YYYY-MM-DD'),to_timestamp('2019-09-06 00:00:00', 'YYYY-MM-DD HH24:MI:SS'));
insert into profile values(2,'COLETTE BOWMAN','pluginsretrieval@mail.com','question',to_date('1991-12-16','YYYY-MM-DD'),to_timestamp('2019-08-23 00:00:00', 'YYYY-MM-DD HH24:MI:SS'));
insert into profile values(3,'WOODROW LOTT','particlesespn@outlook.com','laugh',to_date('1997-07-01','YYYY-MM-DD'),to_timestamp('2019-05-17 00:00:00', 'YYYY-MM-DD HH24:MI:SS'));
insert into profile values(4,'MICHAEL BLAKE','memberkeyboard@gmail.com','document',to_date('2000-12-26','YYYY-MM-DD'),to_timestamp('2019-03-06 00:00:00', 'YYYY-MM-DD HH24:MI:SS'));
insert into profile values(5,'LOUELLA FISHER','phonesherbal@yahoo.com','helen',to_date('1984-02-27','YYYY-MM-DD'),to_timestamp('2019-06-05 00:00:00', 'YYYY-MM-DD HH24:MI:SS'));
insert into profile values(6,'GABRIELA ODOM','cashjudy@pitt.edu','evolution',to_date('1978-07-26','YYYY-MM-DD'),to_timestamp('2019-04-16 00:00:00', 'YYYY-MM-DD HH24:MI:SS'));
insert into profile values(7,'FREDDY MATHIS','wifiinvolving@mail.com','patrick',to_date('1991-06-01','YYYY-MM-DD'),to_timestamp('2019-01-17 00:00:00', 'YYYY-MM-DD HH24:MI:SS'));
insert into profile values(8,'VAN GRIFFIN','foundersign@outlook.com','keeping',to_date('1982-05-24','YYYY-MM-DD'),to_timestamp('2019-10-23 00:00:00', 'YYYY-MM-DD HH24:MI:SS'));
insert into profile values(9,'EVANGELINA LEE','numeroussamba@mail.com','prepare',to_date('1999-05-13','YYYY-MM-DD'),to_timestamp('2019-12-17 00:00:00', 'YYYY-MM-DD HH24:MI:SS'));
insert into profile values(10,'DEANNE CHAMBERS','roverspears@gmail.com','taxation',to_date('1988-11-24','YYYY-MM-DD'),to_timestamp('2019-12-21 00:00:00', 'YYYY-MM-DD HH24:MI:SS'));
insert into profile values(11,'CARMELA DUFFY','keeninteract@pitt.edu','roommates',to_date('1979-11-01','YYYY-MM-DD'),to_timestamp('2019-05-07 00:00:00', 'YYYY-MM-DD HH24:MI:SS'));
insert into profile values(12,'LOURDES LEBLANC','extentfancy@pitt.edu','convert',to_date('1989-09-16','YYYY-MM-DD'),to_timestamp('2019-03-18 00:00:00', 'YYYY-MM-DD HH24:MI:SS'));
insert into profile values(13,'MILES RAY','boundarydock@yahoo.com','debut',to_date('1978-07-26','YYYY-MM-DD'),to_timestamp('2019-09-09 00:00:00', 'YYYY-MM-DD HH24:MI:SS'));
insert into profile values(14,'AMOS KELLEY','tearboards@pitt.edu','added',to_date('1975-07-04','YYYY-MM-DD'),to_timestamp('2019-10-25 00:00:00', 'YYYY-MM-DD HH24:MI:SS'));
insert into profile values(15,'ZANE BLACKWELL','followpark@mail.com','operates',to_date('1988-05-06','YYYY-MM-DD'),to_timestamp('2019-08-16 00:00:00', 'YYYY-MM-DD HH24:MI:SS'));
insert into profile values(16,'JARRETT NIXON','daughtersscanned@outlook.com','scanning',to_date('1986-10-26','YYYY-MM-DD'),to_timestamp('2019-02-19 00:00:00', 'YYYY-MM-DD HH24:MI:SS'));
insert into profile values(17,'BRANDON MOSLEY','linedpoints@mail.com','island',to_date('1994-12-21','YYYY-MM-DD'),to_timestamp('2019-12-22 00:00:00', 'YYYY-MM-DD HH24:MI:SS'));
insert into profile values(18,'TRACEY MATHEWS','phpbbfolder@gmail.com','curtis',to_date('1992-07-07','YYYY-MM-DD'),to_timestamp('2019-07-10 00:00:00', 'YYYY-MM-DD HH24:MI:SS'));
insert into profile values(19,'ALBERTA TILLMAN','thruopposed@mail.com','africa',to_date('1988-05-06','YYYY-MM-DD'),to_timestamp('2019-07-13 00:00:00', 'YYYY-MM-DD HH24:MI:SS'));
insert into profile values(20,'DENIS PAUL','boxingassume@mail.com','facts',to_date('1980-08-07','YYYY-MM-DD'),to_timestamp('2019-10-09 00:00:00', 'YYYY-MM-DD HH24:MI:SS'));
insert into profile values(21,'CECELIA COOK','wileymats@gmail.com','bars',to_date('1991-09-02','YYYY-MM-DD'),to_timestamp('2019-07-22 00:00:00', 'YYYY-MM-DD HH24:MI:SS'));
insert into profile values(22,'EDGARDO NEWTON','legalproduced@gmail.com','monitored',to_date('1987-03-16','YYYY-MM-DD'),to_timestamp('2019-04-20 00:00:00', 'YYYY-MM-DD HH24:MI:SS'));
insert into profile values(23,'BILLY GIBSON','engineerincreases@pitt.edu','wichita',to_date('1978-01-18','YYYY-MM-DD'),to_timestamp('2019-04-11 00:00:00', 'YYYY-MM-DD HH24:MI:SS'));
insert into profile values(24,'CHRIS OSBORN','convictedcouncil@yahoo.com','brunette',to_date('1986-10-26','YYYY-MM-DD'),to_timestamp('2019-09-17 00:00:00', 'YYYY-MM-DD HH24:MI:SS'));
insert into profile values(25,'HUGO FULLER','antideclared@yahoo.com','queens',to_date('1984-02-27','YYYY-MM-DD'),to_timestamp('2019-05-03 00:00:00', 'YYYY-MM-DD HH24:MI:SS'));
insert into profile values(26,'LYNN MELENDEZ','murrayviolence@gmail.com','went',to_date('1976-01-10','YYYY-MM-DD'),to_timestamp('2019-11-21 00:00:00', 'YYYY-MM-DD HH24:MI:SS'));
insert into profile values(27,'ELSA RUIZ','abstractspacked@outlook.com','lover',to_date('1998-03-04','YYYY-MM-DD'),to_timestamp('2019-12-13 00:00:00', 'YYYY-MM-DD HH24:MI:SS'));
insert into profile values(28,'KRISTEN VINSON','inspiredharvest@gmail.com','framework',to_date('1985-10-20','YYYY-MM-DD'),to_timestamp('2019-12-05 00:00:00', 'YYYY-MM-DD HH24:MI:SS'));
insert into profile values(29,'LATISHA ZIMMERMAN','telephonyremark@pitt.edu','wearing',to_date('1991-01-07','YYYY-MM-DD'),to_timestamp('2019-09-23 00:00:00', 'YYYY-MM-DD HH24:MI:SS'));
insert into profile values(30,'ANGEL HAYES','hourtherapy@mail.com','compliant',to_date('1984-02-27','YYYY-MM-DD'),to_timestamp('2019-04-08 00:00:00', 'YYYY-MM-DD HH24:MI:SS'));
insert into profile values(31,'GABRIELLE MAYS','reallaunched@gmail.com','booth',to_date('1992-03-26','YYYY-MM-DD'),to_timestamp('2019-06-21 00:00:00', 'YYYY-MM-DD HH24:MI:SS'));
insert into profile values(32,'ELSA GALLOWAY','syncspencer@outlook.com','commented',to_date('1988-11-24','YYYY-MM-DD'),to_timestamp('2019-10-07 00:00:00', 'YYYY-MM-DD HH24:MI:SS'));
insert into profile values(33,'JERROD COCHRAN','oughtbriefing@yahoo.com','quarterly',to_date('1977-03-10','YYYY-MM-DD'),to_timestamp('2019-03-08 00:00:00', 'YYYY-MM-DD HH24:MI:SS'));
insert into profile values(34,'ROYAL CAREY','givingdepending@gmail.com','harmony',to_date('1979-05-27','YYYY-MM-DD'),to_timestamp('2019-10-01 00:00:00', 'YYYY-MM-DD HH24:MI:SS'));
insert into profile values(35,'OPAL MYERS','motorolamerchant@pitt.edu','warner',to_date('1982-08-10','YYYY-MM-DD'),to_timestamp('2019-06-09 00:00:00', 'YYYY-MM-DD HH24:MI:SS'));
insert into profile values(36,'CLYDE MOON','motivatedprinted@gmail.com','easily',to_date('1994-12-21','YYYY-MM-DD'),to_timestamp('2019-12-22 00:00:00', 'YYYY-MM-DD HH24:MI:SS'));
insert into profile values(37,'DEVON JOYNER','filtereasy@pitt.edu','implement',to_date('1994-08-17','YYYY-MM-DD'),to_timestamp('2019-06-20 00:00:00', 'YYYY-MM-DD HH24:MI:SS'));
insert into profile values(38,'MAGGIE BERNARD','heavenworkshops@yahoo.com','shopzilla',to_date('1985-09-02','YYYY-MM-DD'),to_timestamp('2019-04-18 00:00:00', 'YYYY-MM-DD HH24:MI:SS'));
insert into profile values(39,'OTTO KRAMER','tamilterrorism@pitt.edu','draft',to_date('1977-03-13','YYYY-MM-DD'),to_timestamp('2019-06-10 00:00:00', 'YYYY-MM-DD HH24:MI:SS'));
insert into profile values(40,'SONYA SHEPHERD','yarnonce@mail.com','torture',to_date('1991-12-16','YYYY-MM-DD'),to_timestamp('2019-08-10 00:00:00', 'YYYY-MM-DD HH24:MI:SS'));
insert into profile values(41,'PERCY CROSS','wizardveteran@outlook.com','samba',to_date('1988-05-06','YYYY-MM-DD'),to_timestamp('2019-09-19 00:00:00', 'YYYY-MM-DD HH24:MI:SS'));
insert into profile values(42,'ORA MCKINNEY','assistedsheets@pitt.edu','anything',to_date('1988-10-21','YYYY-MM-DD'),to_timestamp('2019-09-04 00:00:00', 'YYYY-MM-DD HH24:MI:SS'));
insert into profile values(43,'ROBBIE CONWAY','tokyomariah@yahoo.com','injured',to_date('1993-12-05','YYYY-MM-DD'),to_timestamp('2019-05-09 00:00:00', 'YYYY-MM-DD HH24:MI:SS'));
insert into profile values(44,'KEITH SANTIAGO','playerstier@gmail.com','human',to_date('1994-06-12','YYYY-MM-DD'),to_timestamp('2019-11-23 00:00:00', 'YYYY-MM-DD HH24:MI:SS'));
insert into profile values(45,'BETTYE FRANCO','ultimatetrend@gmail.com','treasure',to_date('1992-05-10','YYYY-MM-DD'),to_timestamp('2019-07-14 00:00:00', 'YYYY-MM-DD HH24:MI:SS'));
insert into profile values(46,'JAY BIRD','lookuplaugh@gmail.com','security',to_date('1988-06-16','YYYY-MM-DD'),to_timestamp('2019-04-24 00:00:00', 'YYYY-MM-DD HH24:MI:SS'));
insert into profile values(47,'MATT MCKINNEY','extraspure@mail.com','mart',to_date('1975-09-10','YYYY-MM-DD'),to_timestamp('2019-01-09 00:00:00', 'YYYY-MM-DD HH24:MI:SS'));
insert into profile values(48,'ROSA MENDEZ','evenwrap@mail.com','control',to_date('1981-06-09','YYYY-MM-DD'),to_timestamp('2019-11-02 00:00:00', 'YYYY-MM-DD HH24:MI:SS'));
insert into profile values(49,'PARKER SIMS','looksmartsodium@pitt.edu','mistakes',to_date('2000-01-01','YYYY-MM-DD'),to_timestamp('2019-04-26 00:00:00', 'YYYY-MM-DD HH24:MI:SS'));
insert into profile values(50,'IRWIN HARRIS','promisesdialog@gmail.com','afford',to_date('1987-04-23','YYYY-MM-DD'),to_timestamp('2019-10-12 00:00:00', 'YYYY-MM-DD HH24:MI:SS'));
insert into profile values(51,'CHI LOWE','seatingrendered@yahoo.com','singapore',to_date('1975-11-08','YYYY-MM-DD'),to_timestamp('2019-03-15 00:00:00', 'YYYY-MM-DD HH24:MI:SS'));
insert into profile values(52,'GEOFFREY WOLF','answerstereo@outlook.com','land',to_date('1994-07-05','YYYY-MM-DD'),to_timestamp('2019-02-14 00:00:00', 'YYYY-MM-DD HH24:MI:SS'));
insert into profile values(53,'SARAH GILLIAM','extensionyellow@gmail.com','japan',to_date('1984-01-09','YYYY-MM-DD'),to_timestamp('2019-11-13 00:00:00', 'YYYY-MM-DD HH24:MI:SS'));
insert into profile values(54,'IRIS GREENE','builtvacancies@outlook.com','converter',to_date('1994-08-26','YYYY-MM-DD'),to_timestamp('2019-11-19 00:00:00', 'YYYY-MM-DD HH24:MI:SS'));
insert into profile values(55,'ALEXIS ROBERTS','uploadeddosage@yahoo.com','surfing',to_date('1984-01-10','YYYY-MM-DD'),to_timestamp('2019-10-05 00:00:00', 'YYYY-MM-DD HH24:MI:SS'));
insert into profile values(56,'MARGUERITE STONE','wideinfinite@yahoo.com','prove',to_date('1994-11-10','YYYY-MM-DD'),to_timestamp('2019-02-11 00:00:00', 'YYYY-MM-DD HH24:MI:SS'));
insert into profile values(57,'ANNETTE WILEY','sleepingluke@mail.com','informal',to_date('1980-08-07','YYYY-MM-DD'),to_timestamp('2019-02-07 00:00:00', 'YYYY-MM-DD HH24:MI:SS'));
insert into profile values(58,'ABDUL GUTIERREZ','dylanteach@mail.com','logical',to_date('1988-11-24','YYYY-MM-DD'),to_timestamp('2019-04-12 00:00:00', 'YYYY-MM-DD HH24:MI:SS'));
insert into profile values(59,'TAYLOR KLINE','enzymeenabling@gmail.com','triangle',to_date('1991-03-12','YYYY-MM-DD'),to_timestamp('2019-08-22 00:00:00', 'YYYY-MM-DD HH24:MI:SS'));
insert into profile values(60,'NOLA OWENS','deviationaffair@gmail.com','coffee',to_date('1988-05-06','YYYY-MM-DD'),to_timestamp('2019-07-24 00:00:00', 'YYYY-MM-DD HH24:MI:SS'));
insert into profile values(61,'NORBERT MCDONALD','barnchangelog@pitt.edu','recognize',to_date('1984-09-19','YYYY-MM-DD'),to_timestamp('2019-08-08 00:00:00', 'YYYY-MM-DD HH24:MI:SS'));
insert into profile values(62,'JUDSON ROWLAND','convertersporting@pitt.edu','midnight',to_date('1991-03-20','YYYY-MM-DD'),to_timestamp('2019-10-13 00:00:00', 'YYYY-MM-DD HH24:MI:SS'));
insert into profile values(63,'HARLEY STOKES','resellerkissing@yahoo.com','fixtures',to_date('1995-11-22','YYYY-MM-DD'),to_timestamp('2019-04-15 00:00:00', 'YYYY-MM-DD HH24:MI:SS'));
insert into profile values(64,'AIDA CONLEY','makermodem@outlook.com','racing',to_date('1994-07-05','YYYY-MM-DD'),to_timestamp('2019-01-09 00:00:00', 'YYYY-MM-DD HH24:MI:SS'));
insert into profile values(65,'SHELTON HANSEN','providedplans@pitt.edu','image',to_date('1988-10-25','YYYY-MM-DD'),to_timestamp('2019-02-26 00:00:00', 'YYYY-MM-DD HH24:MI:SS'));
insert into profile values(66,'THERON WEBSTER','sponsorjunk@yahoo.com','francisco',to_date('2000-01-01','YYYY-MM-DD'),to_timestamp('2019-05-13 00:00:00', 'YYYY-MM-DD HH24:MI:SS'));
insert into profile values(67,'DEWITT NELSON','liketherefore@gmail.com','lyric',to_date('1991-09-02','YYYY-MM-DD'),to_timestamp('2019-02-14 00:00:00', 'YYYY-MM-DD HH24:MI:SS'));
insert into profile values(68,'EFRAIN CLEMONS','nancyfake@yahoo.com','resorts',to_date('1985-09-02','YYYY-MM-DD'),to_timestamp('2019-12-07 00:00:00', 'YYYY-MM-DD HH24:MI:SS'));
insert into profile values(69,'APRIL BARRERA','alreadysurprise@outlook.com','surf',to_date('1985-09-05','YYYY-MM-DD'),to_timestamp('2019-09-27 00:00:00', 'YYYY-MM-DD HH24:MI:SS'));
insert into profile values(70,'AUGUSTINE HANSON','darknesswanted@yahoo.com','brochure',to_date('1989-09-16','YYYY-MM-DD'),to_timestamp('2019-07-04 00:00:00', 'YYYY-MM-DD HH24:MI:SS'));
insert into profile values(71,'ANGELIA LANCASTER','throwingpreferred@pitt.edu','famous',to_date('1985-09-05','YYYY-MM-DD'),to_timestamp('2019-01-07 00:00:00', 'YYYY-MM-DD HH24:MI:SS'));
insert into profile values(72,'SANFORD EVANS','repliesworse@outlook.com','apart',to_date('1984-03-08','YYYY-MM-DD'),to_timestamp('2019-02-07 00:00:00', 'YYYY-MM-DD HH24:MI:SS'));
insert into profile values(73,'DEWEY WALTERS','keysgreen@gmail.com','greatest',to_date('1991-09-15','YYYY-MM-DD'),to_timestamp('2019-04-07 00:00:00', 'YYYY-MM-DD HH24:MI:SS'));
insert into profile values(74,'MERCEDES HARRINGTON','hitachigraphic@mail.com','norfolk',to_date('1985-09-22','YYYY-MM-DD'),to_timestamp('2019-07-18 00:00:00', 'YYYY-MM-DD HH24:MI:SS'));
insert into profile values(75,'CYRIL HANSEN','scotlanddrums@mail.com','short',to_date('1988-06-16','YYYY-MM-DD'),to_timestamp('2019-05-24 00:00:00', 'YYYY-MM-DD HH24:MI:SS'));
insert into profile values(76,'ALBERTA FRANK','lostsolid@outlook.com','kernel',to_date('1989-09-16','YYYY-MM-DD'),to_timestamp('2019-12-08 00:00:00', 'YYYY-MM-DD HH24:MI:SS'));
insert into profile values(77,'MYRA PAUL','standingworldwide@gmail.com','floating',to_date('1991-01-07','YYYY-MM-DD'),to_timestamp('2019-02-04 00:00:00', 'YYYY-MM-DD HH24:MI:SS'));
insert into profile values(78,'BOBBIE RUSSO','skinpress@yahoo.com','cleveland',to_date('1997-08-03','YYYY-MM-DD'),to_timestamp('2019-09-12 00:00:00', 'YYYY-MM-DD HH24:MI:SS'));
insert into profile values(79,'AMIE CHRISTENSEN','tracksabstracts@gmail.com','zimbabwe',to_date('1984-09-19','YYYY-MM-DD'),to_timestamp('2019-10-11 00:00:00', 'YYYY-MM-DD HH24:MI:SS'));
insert into profile values(80,'RHONDA FORBES','insertionrepublic@mail.com','sperm',to_date('1992-07-07','YYYY-MM-DD'),to_timestamp('2019-06-07 00:00:00', 'YYYY-MM-DD HH24:MI:SS'));
insert into profile values(81,'ANNA GOFF','pushingcoral@mail.com','fisheries',to_date('2000-02-17','YYYY-MM-DD'),to_timestamp('2019-08-11 00:00:00', 'YYYY-MM-DD HH24:MI:SS'));
insert into profile values(82,'JILL TILLMAN','bottomconcluded@mail.com','board',to_date('1992-12-20','YYYY-MM-DD'),to_timestamp('2019-10-15 00:00:00', 'YYYY-MM-DD HH24:MI:SS'));
insert into profile values(83,'ANNA RIOS','mortalityshield@mail.com','comp',to_date('1987-10-16','YYYY-MM-DD'),to_timestamp('2019-12-12 00:00:00', 'YYYY-MM-DD HH24:MI:SS'));
insert into profile values(84,'GERALDINE WALTER','smtpbulletin@pitt.edu','periods',to_date('1984-02-27','YYYY-MM-DD'),to_timestamp('2019-01-02 00:00:00', 'YYYY-MM-DD HH24:MI:SS'));
insert into profile values(85,'KENDRA BARTON','graymars@mail.com','hewlett',to_date('1977-03-10','YYYY-MM-DD'),to_timestamp('2019-10-20 00:00:00', 'YYYY-MM-DD HH24:MI:SS'));
insert into profile values(86,'SUMMER CARPENTER','joinsforge@yahoo.com','voltage',to_date('1975-12-16','YYYY-MM-DD'),to_timestamp('2019-01-16 00:00:00', 'YYYY-MM-DD HH24:MI:SS'));
insert into profile values(87,'KATY WALLACE','visalexington@mail.com','vacation',to_date('1981-06-09','YYYY-MM-DD'),to_timestamp('2019-02-23 00:00:00', 'YYYY-MM-DD HH24:MI:SS'));
insert into profile values(88,'FREDRIC SPEARS','pollmarco@gmail.com','border',to_date('1986-08-27','YYYY-MM-DD'),to_timestamp('2019-11-15 00:00:00', 'YYYY-MM-DD HH24:MI:SS'));
insert into profile values(89,'ERNA ELLISON','rightkent@mail.com','finds',to_date('1992-06-12','YYYY-MM-DD'),to_timestamp('2019-05-21 00:00:00', 'YYYY-MM-DD HH24:MI:SS'));
insert into profile values(90,'MAURO HODGE','generallyfill@mail.com','routes',to_date('1982-01-22','YYYY-MM-DD'),to_timestamp('2019-12-15 00:00:00', 'YYYY-MM-DD HH24:MI:SS'));
insert into profile values(91,'FRANCES BALL','bryanebony@yahoo.com','myth',to_date('1994-11-10','YYYY-MM-DD'),to_timestamp('2019-05-06 00:00:00', 'YYYY-MM-DD HH24:MI:SS'));
insert into profile values(92,'CHRISTOPHER FLYNN','chestfirms@outlook.com','preview',to_date('1981-06-09','YYYY-MM-DD'),to_timestamp('2019-02-08 00:00:00', 'YYYY-MM-DD HH24:MI:SS'));
insert into profile values(93,'EMORY VEGA','rallyplace@yahoo.com','arab',to_date('1979-10-17','YYYY-MM-DD'),to_timestamp('2019-01-13 00:00:00', 'YYYY-MM-DD HH24:MI:SS'));
insert into profile values(94,'JANELLE MEDINA','nudistpepper@pitt.edu','weekly',to_date('1989-08-07','YYYY-MM-DD'),to_timestamp('2019-09-19 00:00:00', 'YYYY-MM-DD HH24:MI:SS'));
insert into profile values(95,'HARVEY MALDONADO','ordinanceclass@gmail.com','headset',to_date('1994-06-12','YYYY-MM-DD'),to_timestamp('2019-10-08 00:00:00', 'YYYY-MM-DD HH24:MI:SS'));
insert into profile values(96,'NADINE COMPTON','myanmarsoap@mail.com','whom',to_date('1981-12-07','YYYY-MM-DD'),to_timestamp('2019-03-11 00:00:00', 'YYYY-MM-DD HH24:MI:SS'));
insert into profile values(97,'CLEO BUCK','flexpatch@pitt.edu','sculpture',to_date('1975-01-05','YYYY-MM-DD'),to_timestamp('2019-07-16 00:00:00', 'YYYY-MM-DD HH24:MI:SS'));
insert into profile values(98,'ELOY PERRY','fototenant@outlook.com','acquired',to_date('1975-07-04','YYYY-MM-DD'),to_timestamp('2019-08-07 00:00:00', 'YYYY-MM-DD HH24:MI:SS'));
insert into profile values(99,'ELENA WOLFE','phrasesong@yahoo.com','japan',to_date('1983-02-11','YYYY-MM-DD'),to_timestamp('2019-03-13 00:00:00', 'YYYY-MM-DD HH24:MI:SS'));
insert into message values(0,8,'Check out the planners! #anywaybucks',37,NULL,to_timestamp('2018-04-27 00:00:00', 'YYYY-MM-DD HH24:MI:SS'));
insert into message values(1,40,'Did you get the voters I sent you?',94,NULL,to_timestamp('2018-07-27 00:00:00', 'YYYY-MM-DD HH24:MI:SS'));
insert into message values(2,41,'My dog just ate perfume jordan and it is all your fault.',51,NULL,to_timestamp('2018-03-15 00:00:00', 'YYYY-MM-DD HH24:MI:SS'));
insert into message values(3,32,'Did you get the weblogs I sent you?',97,NULL,to_timestamp('2018-05-15 00:00:00', 'YYYY-MM-DD HH24:MI:SS'));
insert into message values(4,18,'Hey, I saw renewable bears and it reminded me of prot.',76,NULL,to_timestamp('2018-08-26 00:00:00', 'YYYY-MM-DD HH24:MI:SS'));
insert into message values(5,21,'Check out the ranking! #focusescraig',55,NULL,to_timestamp('2018-03-15 00:00:00', 'YYYY-MM-DD HH24:MI:SS'));
insert into message values(6,63,'Check out the renewal! #ribbonlimiting',76,NULL,to_timestamp('2018-07-07 00:00:00', 'YYYY-MM-DD HH24:MI:SS'));
insert into message values(7,52,'Today in cs1555 we talked about spin.  In Oracle, we use organised, but in PostgreSQL we use symantec.',76,NULL,to_timestamp('2018-09-21 00:00:00', 'YYYY-MM-DD HH24:MI:SS'));
insert into message values(8,7,'Did you get the xnxx I sent you?',84,NULL,to_timestamp('2018-01-06 00:00:00', 'YYYY-MM-DD HH24:MI:SS'));
insert into message values(9,51,'Today in cs1555 we talked about manuals.  In Oracle, we use pray, but in PostgreSQL we use uniprotkb.',80,NULL,to_timestamp('2018-08-08 00:00:00', 'YYYY-MM-DD HH24:MI:SS'));
insert into message values(10,30,'What do you want for your birthday?  What about bonus hosts?',57,NULL,to_timestamp('2018-04-19 00:00:00', 'YYYY-MM-DD HH24:MI:SS'));
insert into message values(11,56,'Check out the killed! #biosmurder',68,NULL,to_timestamp('2018-01-15 00:00:00', 'YYYY-MM-DD HH24:MI:SS'));
insert into message values(12,50,'Hey, I saw drilling tongue and it reminded me of snow.',79,NULL,to_timestamp('2018-07-08 00:00:00', 'YYYY-MM-DD HH24:MI:SS'));
insert into message values(13,56,'My dog just ate flex traveller and it is all your fault.',58,NULL,to_timestamp('2018-01-04 00:00:00', 'YYYY-MM-DD HH24:MI:SS'));
insert into message values(14,73,'Hey, I saw vast unified and it reminded me of reuters.',76,NULL,to_timestamp('2018-05-08 00:00:00', 'YYYY-MM-DD HH24:MI:SS'));
insert into message values(15,19,'Hey, I saw phases symphony and it reminded me of jail.',46,NULL,to_timestamp('2018-06-23 00:00:00', 'YYYY-MM-DD HH24:MI:SS'));
insert into message values(16,23,'What are you doing tonight?  I found this accurate periods I want to try!',79,NULL,to_timestamp('2018-11-25 00:00:00', 'YYYY-MM-DD HH24:MI:SS'));
insert into message values(17,7,'What do you want for your birthday?  What about turkish visible?',21,NULL,to_timestamp('2018-08-10 00:00:00', 'YYYY-MM-DD HH24:MI:SS'));
insert into message values(18,8,'Today in cs1555 we talked about mall.  In Oracle, we use postings, but in PostgreSQL we use pointed.',42,NULL,to_timestamp('2018-03-19 00:00:00', 'YYYY-MM-DD HH24:MI:SS'));
insert into message values(19,16,'Hey, I saw invite cassette and it reminded me of warrant.',43,NULL,to_timestamp('2018-01-16 00:00:00', 'YYYY-MM-DD HH24:MI:SS'));
insert into message values(20,32,'My dog just ate popular blast and it is all your fault.',61,NULL,to_timestamp('2018-05-27 00:00:00', 'YYYY-MM-DD HH24:MI:SS'));
insert into message values(21,14,'Check out the hair! #coachingselection',86,NULL,to_timestamp('2018-10-05 00:00:00', 'YYYY-MM-DD HH24:MI:SS'));
insert into message values(22,10,'My dog just ate analyses blog and it is all your fault.',60,NULL,to_timestamp('2018-06-16 00:00:00', 'YYYY-MM-DD HH24:MI:SS'));
insert into message values(23,16,'What are you doing tonight?  I found this wifi namespace I want to try!',31,NULL,to_timestamp('2018-04-11 00:00:00', 'YYYY-MM-DD HH24:MI:SS'));
insert into message values(24,73,'Did you get the iron I sent you?',76,NULL,to_timestamp('2018-08-22 00:00:00', 'YYYY-MM-DD HH24:MI:SS'));
insert into message values(25,5,'Today in cs1555 we talked about sleeps.  In Oracle, we use placing, but in PostgreSQL we use thereby.',34,NULL,to_timestamp('2018-05-02 00:00:00', 'YYYY-MM-DD HH24:MI:SS'));
insert into message values(26,18,'Today in cs1555 we talked about allowing.  In Oracle, we use belong, but in PostgreSQL we use worlds.',68,NULL,to_timestamp('2018-10-21 00:00:00', 'YYYY-MM-DD HH24:MI:SS'));
insert into message values(27,35,'Check out the marc! #transitsymantec',62,NULL,to_timestamp('2018-11-10 00:00:00', 'YYYY-MM-DD HH24:MI:SS'));
insert into message values(28,0,'Did you get the japanese I sent you?',3,NULL,to_timestamp('2018-04-16 00:00:00', 'YYYY-MM-DD HH24:MI:SS'));
insert into message values(29,34,'My dog just ate anime rays and it is all your fault.',48,NULL,to_timestamp('2018-06-03 00:00:00', 'YYYY-MM-DD HH24:MI:SS'));
insert into message values(30,38,'Hey, I saw plaintiff lost and it reminded me of council.',54,NULL,to_timestamp('2018-06-13 00:00:00', 'YYYY-MM-DD HH24:MI:SS'));
insert into message values(31,80,'Hey, I saw dude offshore and it reminded me of shipping.',83,NULL,to_timestamp('2018-11-25 00:00:00', 'YYYY-MM-DD HH24:MI:SS'));
insert into message values(32,63,'Today in cs1555 we talked about philips.  In Oracle, we use contacts, but in PostgreSQL we use mind.',76,NULL,to_timestamp('2018-06-21 00:00:00', 'YYYY-MM-DD HH24:MI:SS'));
insert into message values(33,76,'Did you get the food I sent you?',88,NULL,to_timestamp('2018-10-22 00:00:00', 'YYYY-MM-DD HH24:MI:SS'));
insert into message values(34,58,'What do you want for your birthday?  What about freedom trained?',88,NULL,to_timestamp('2018-04-06 00:00:00', 'YYYY-MM-DD HH24:MI:SS'));
insert into message values(35,30,'Did you get the composed I sent you?',89,NULL,to_timestamp('2018-06-19 00:00:00', 'YYYY-MM-DD HH24:MI:SS'));
insert into message values(36,2,'My dog just ate steady evident and it is all your fault.',26,NULL,to_timestamp('2018-03-25 00:00:00', 'YYYY-MM-DD HH24:MI:SS'));
insert into message values(37,18,'My dog just ate porno remedy and it is all your fault.',76,NULL,to_timestamp('2018-03-17 00:00:00', 'YYYY-MM-DD HH24:MI:SS'));
insert into message values(38,5,'Hey, I saw actively phoenix and it reminded me of lemon.',81,NULL,to_timestamp('2018-12-12 00:00:00', 'YYYY-MM-DD HH24:MI:SS'));
insert into message values(39,10,'Did you get the pace I sent you?',60,NULL,to_timestamp('2018-07-26 00:00:00', 'YYYY-MM-DD HH24:MI:SS'));
insert into message values(40,35,'Check out the login! #whensara',62,NULL,to_timestamp('2018-06-10 00:00:00', 'YYYY-MM-DD HH24:MI:SS'));
insert into message values(41,5,'My dog just ate heavy actions and it is all your fault.',9,NULL,to_timestamp('2018-09-09 00:00:00', 'YYYY-MM-DD HH24:MI:SS'));
insert into message values(42,50,'What do you want for your birthday?  What about province reached?',85,NULL,to_timestamp('2018-01-25 00:00:00', 'YYYY-MM-DD HH24:MI:SS'));
insert into message values(43,60,'What do you want for your birthday?  What about realty follow?',81,NULL,to_timestamp('2018-07-09 00:00:00', 'YYYY-MM-DD HH24:MI:SS'));
insert into message values(44,55,'What are you doing tonight?  I found this exceed kingston I want to try!',80,NULL,to_timestamp('2018-11-01 00:00:00', 'YYYY-MM-DD HH24:MI:SS'));
insert into message values(45,21,'My dog just ate pregnant stuff and it is all your fault.',56,NULL,to_timestamp('2018-12-12 00:00:00', 'YYYY-MM-DD HH24:MI:SS'));
insert into message values(46,85,'Did you get the bool I sent you?',91,NULL,to_timestamp('2018-06-26 00:00:00', 'YYYY-MM-DD HH24:MI:SS'));
insert into message values(47,8,'Check out the tackle! #tanksvisa',82,NULL,to_timestamp('2018-01-13 00:00:00', 'YYYY-MM-DD HH24:MI:SS'));
insert into message values(48,30,'Did you get the causes I sent you?',44,NULL,to_timestamp('2018-11-24 00:00:00', 'YYYY-MM-DD HH24:MI:SS'));
insert into message values(49,4,'Did you get the announce I sent you?',69,NULL,to_timestamp('2018-01-04 00:00:00', 'YYYY-MM-DD HH24:MI:SS'));
insert into message values(50,17,'Did you get the vinyl I sent you?',88,NULL,to_timestamp('2018-03-02 00:00:00', 'YYYY-MM-DD HH24:MI:SS'));
insert into message values(51,8,'Did you get the perfume I sent you?',37,NULL,to_timestamp('2018-10-08 00:00:00', 'YYYY-MM-DD HH24:MI:SS'));
insert into message values(52,29,'Check out the organisms! #cognitivephysician',77,NULL,to_timestamp('2018-12-18 00:00:00', 'YYYY-MM-DD HH24:MI:SS'));
insert into message values(53,15,'What do you want for your birthday?  What about handling distant?',77,NULL,to_timestamp('2018-06-10 00:00:00', 'YYYY-MM-DD HH24:MI:SS'));
insert into message values(54,63,'Hey, I saw ought fallen and it reminded me of acting.',87,NULL,to_timestamp('2018-09-07 00:00:00', 'YYYY-MM-DD HH24:MI:SS'));
insert into message values(55,55,'My dog just ate mortgage clip and it is all your fault.',80,NULL,to_timestamp('2018-08-27 00:00:00', 'YYYY-MM-DD HH24:MI:SS'));
insert into message values(56,18,'Check out the torture! #moviebowling',76,NULL,to_timestamp('2018-12-17 00:00:00', 'YYYY-MM-DD HH24:MI:SS'));
insert into message values(57,63,'Check out the mobiles! #depositcent',76,NULL,to_timestamp('2018-12-10 00:00:00', 'YYYY-MM-DD HH24:MI:SS'));
insert into message values(58,59,'What do you want for your birthday?  What about resource posts?',69,NULL,to_timestamp('2018-10-06 00:00:00', 'YYYY-MM-DD HH24:MI:SS'));
insert into message values(59,7,'Today in cs1555 we talked about linux.  In Oracle, we use semester, but in PostgreSQL we use champions.',21,NULL,to_timestamp('2018-02-13 00:00:00', 'YYYY-MM-DD HH24:MI:SS'));
insert into message values(60,2,'Today in cs1555 we talked about cleanup.  In Oracle, we use dump, but in PostgreSQL we use eyes.',61,NULL,to_timestamp('2018-01-20 00:00:00', 'YYYY-MM-DD HH24:MI:SS'));
insert into message values(61,32,'Check out the parks! #ebayhiking',61,NULL,to_timestamp('2018-05-26 00:00:00', 'YYYY-MM-DD HH24:MI:SS'));
insert into message values(62,61,'What are you doing tonight?  I found this cingular ruled I want to try!',69,NULL,to_timestamp('2018-08-07 00:00:00', 'YYYY-MM-DD HH24:MI:SS'));
insert into message values(63,14,'Did you get the legends I sent you?',77,NULL,to_timestamp('2018-05-24 00:00:00', 'YYYY-MM-DD HH24:MI:SS'));
insert into message values(64,7,'Check out the donald! #cashanswered',20,NULL,to_timestamp('2018-07-16 00:00:00', 'YYYY-MM-DD HH24:MI:SS'));
insert into message values(65,10,'What do you want for your birthday?  What about radius darwin?',91,NULL,to_timestamp('2018-06-05 00:00:00', 'YYYY-MM-DD HH24:MI:SS'));
insert into message values(66,87,'Did you get the lightning I sent you?',94,NULL,to_timestamp('2018-01-27 00:00:00', 'YYYY-MM-DD HH24:MI:SS'));
insert into message values(67,35,'My dog just ate transmit arise and it is all your fault.',49,NULL,to_timestamp('2018-05-14 00:00:00', 'YYYY-MM-DD HH24:MI:SS'));
insert into message values(68,4,'Check out the murder! #templatesfisting',99,NULL,to_timestamp('2018-12-19 00:00:00', 'YYYY-MM-DD HH24:MI:SS'));
insert into message values(69,38,'What are you doing tonight?  I found this orgy smart I want to try!',54,NULL,to_timestamp('2018-05-13 00:00:00', 'YYYY-MM-DD HH24:MI:SS'));
insert into message values(70,63,'Hey, I saw blue larry and it reminded me of hall.',87,NULL,to_timestamp('2018-09-18 00:00:00', 'YYYY-MM-DD HH24:MI:SS'));
insert into message values(71,32,'Today in cs1555 we talked about deck.  In Oracle, we use contacted, but in PostgreSQL we use thread.',97,NULL,to_timestamp('2018-01-17 00:00:00', 'YYYY-MM-DD HH24:MI:SS'));
insert into message values(72,35,'My dog just ate provides latitude and it is all your fault.',49,NULL,to_timestamp('2018-05-21 00:00:00', 'YYYY-MM-DD HH24:MI:SS'));
insert into message values(73,22,'What do you want for your birthday?  What about mails featuring?',38,NULL,to_timestamp('2018-02-10 00:00:00', 'YYYY-MM-DD HH24:MI:SS'));
insert into message values(74,29,'What are you doing tonight?  I found this hormone back I want to try!',61,NULL,to_timestamp('2018-02-12 00:00:00', 'YYYY-MM-DD HH24:MI:SS'));
insert into message values(75,55,'What do you want for your birthday?  What about wise brave?',69,NULL,to_timestamp('2018-12-23 00:00:00', 'YYYY-MM-DD HH24:MI:SS'));
insert into message values(76,32,'Today in cs1555 we talked about selective.  In Oracle, we use colony, but in PostgreSQL we use coupled.',97,NULL,to_timestamp('2018-06-21 00:00:00', 'YYYY-MM-DD HH24:MI:SS'));
insert into message values(77,21,'Hey, I saw christine crude and it reminded me of stores.',56,NULL,to_timestamp('2018-04-07 00:00:00', 'YYYY-MM-DD HH24:MI:SS'));
insert into message values(78,21,'Check out the supported! #mattcaribbean',88,NULL,to_timestamp('2018-02-24 00:00:00', 'YYYY-MM-DD HH24:MI:SS'));
insert into message values(79,61,'Today in cs1555 we talked about chambers.  In Oracle, we use southeast, but in PostgreSQL we use dark.',69,NULL,to_timestamp('2018-07-22 00:00:00', 'YYYY-MM-DD HH24:MI:SS'));
insert into message values(80,5,'Hey, I saw likes intl and it reminded me of dropped.',81,NULL,to_timestamp('2018-06-13 00:00:00', 'YYYY-MM-DD HH24:MI:SS'));
insert into message values(81,13,'Did you get the cannon I sent you?',57,NULL,to_timestamp('2018-04-20 00:00:00', 'YYYY-MM-DD HH24:MI:SS'));
insert into message values(82,38,'Did you get the fraction I sent you?',72,NULL,to_timestamp('2018-12-12 00:00:00', 'YYYY-MM-DD HH24:MI:SS'));
insert into message values(83,2,'Today in cs1555 we talked about leave.  In Oracle, we use faced, but in PostgreSQL we use arkansas.',72,NULL,to_timestamp('2018-06-02 00:00:00', 'YYYY-MM-DD HH24:MI:SS'));
insert into message values(84,5,'What are you doing tonight?  I found this support armor I want to try!',81,NULL,to_timestamp('2018-12-13 00:00:00', 'YYYY-MM-DD HH24:MI:SS'));
insert into message values(85,18,'My dog just ate kenneth vegetable and it is all your fault.',68,NULL,to_timestamp('2018-10-04 00:00:00', 'YYYY-MM-DD HH24:MI:SS'));
insert into message values(86,64,'Did you get the dealtime I sent you?',94,NULL,to_timestamp('2018-02-22 00:00:00', 'YYYY-MM-DD HH24:MI:SS'));
insert into message values(87,8,'What are you doing tonight?  I found this theorem trio I want to try!',37,NULL,to_timestamp('2018-08-27 00:00:00', 'YYYY-MM-DD HH24:MI:SS'));
insert into message values(88,3,'My dog just ate love marijuana and it is all your fault.',36,NULL,to_timestamp('2018-09-17 00:00:00', 'YYYY-MM-DD HH24:MI:SS'));
insert into message values(89,34,'What are you doing tonight?  I found this celebs alien I want to try!',48,NULL,to_timestamp('2018-03-23 00:00:00', 'YYYY-MM-DD HH24:MI:SS'));
insert into message values(90,4,'My dog just ate lying pages and it is all your fault.',69,NULL,to_timestamp('2018-07-18 00:00:00', 'YYYY-MM-DD HH24:MI:SS'));
insert into message values(91,86,'What are you doing tonight?  I found this invision monthly I want to try!',94,NULL,to_timestamp('2018-12-10 00:00:00', 'YYYY-MM-DD HH24:MI:SS'));
insert into message values(92,30,'Today in cs1555 we talked about depends.  In Oracle, we use trades, but in PostgreSQL we use empire.',57,NULL,to_timestamp('2018-08-10 00:00:00', 'YYYY-MM-DD HH24:MI:SS'));
insert into message values(93,23,'What do you want for your birthday?  What about shield dildo?',45,NULL,to_timestamp('2018-08-17 00:00:00', 'YYYY-MM-DD HH24:MI:SS'));
insert into message values(94,8,'My dog just ate needle note and it is all your fault.',50,NULL,to_timestamp('2018-12-21 00:00:00', 'YYYY-MM-DD HH24:MI:SS'));
insert into message values(95,57,'What are you doing tonight?  I found this allah enable I want to try!',87,NULL,to_timestamp('2018-06-06 00:00:00', 'YYYY-MM-DD HH24:MI:SS'));
insert into message values(96,41,'Check out the validity! #norwegianindonesia',42,NULL,to_timestamp('2018-10-20 00:00:00', 'YYYY-MM-DD HH24:MI:SS'));
insert into message values(97,25,'Today in cs1555 we talked about gentle.  In Oracle, we use reset, but in PostgreSQL we use geography.',53,NULL,to_timestamp('2018-12-21 00:00:00', 'YYYY-MM-DD HH24:MI:SS'));
insert into message values(98,86,'Check out the catalog! #tariffitalia',94,NULL,to_timestamp('2018-01-04 00:00:00', 'YYYY-MM-DD HH24:MI:SS'));
insert into message values(99,4,'What do you want for your birthday?  What about copies lease?',99,NULL,to_timestamp('2018-02-05 00:00:00', 'YYYY-MM-DD HH24:MI:SS'));
insert into message values(100,59,'What are you doing tonight?  I found this outcomes relay I want to try!',69,NULL,to_timestamp('2018-08-18 00:00:00', 'YYYY-MM-DD HH24:MI:SS'));
insert into message values(101,17,'My dog just ate typing hong and it is all your fault.',21,NULL,to_timestamp('2018-11-02 00:00:00', 'YYYY-MM-DD HH24:MI:SS'));
insert into message values(102,80,'Did you get the symbols I sent you?',95,NULL,to_timestamp('2018-04-03 00:00:00', 'YYYY-MM-DD HH24:MI:SS'));
insert into message values(103,5,'Check out the arch! #childclarity',17,NULL,to_timestamp('2018-05-08 00:00:00', 'YYYY-MM-DD HH24:MI:SS'));
insert into message values(104,26,'My dog just ate burke berry and it is all your fault.',59,NULL,to_timestamp('2018-12-22 00:00:00', 'YYYY-MM-DD HH24:MI:SS'));
insert into message values(105,82,'Hey, I saw protected involves and it reminded me of seriously.',90,NULL,to_timestamp('2018-01-23 00:00:00', 'YYYY-MM-DD HH24:MI:SS'));
insert into message values(106,8,'My dog just ate momentum flash and it is all your fault.',42,NULL,to_timestamp('2018-06-22 00:00:00', 'YYYY-MM-DD HH24:MI:SS'));
insert into message values(107,26,'What do you want for your birthday?  What about hockey favor?',93,NULL,to_timestamp('2018-09-13 00:00:00', 'YYYY-MM-DD HH24:MI:SS'));
insert into message values(108,14,'Hey, I saw annotated became and it reminded me of wife.',86,NULL,to_timestamp('2018-05-17 00:00:00', 'YYYY-MM-DD HH24:MI:SS'));
insert into message values(109,26,'What do you want for your birthday?  What about revisions indicates?',59,NULL,to_timestamp('2018-09-15 00:00:00', 'YYYY-MM-DD HH24:MI:SS'));
insert into message values(110,80,'My dog just ate telephony proposed and it is all your fault.',83,NULL,to_timestamp('2018-05-07 00:00:00', 'YYYY-MM-DD HH24:MI:SS'));
insert into message values(111,18,'My dog just ate artwork nodes and it is all your fault.',27,NULL,to_timestamp('2018-07-23 00:00:00', 'YYYY-MM-DD HH24:MI:SS'));
insert into message values(112,52,'Check out the compile! #kentrough',55,NULL,to_timestamp('2018-05-21 00:00:00', 'YYYY-MM-DD HH24:MI:SS'));
insert into message values(113,30,'Today in cs1555 we talked about celebs.  In Oracle, we use runner, but in PostgreSQL we use members.',44,NULL,to_timestamp('2018-06-21 00:00:00', 'YYYY-MM-DD HH24:MI:SS'));
insert into message values(114,4,'What do you want for your birthday?  What about write clan?',50,NULL,to_timestamp('2018-07-04 00:00:00', 'YYYY-MM-DD HH24:MI:SS'));
insert into message values(115,13,'Check out the discs! #graduateharris',25,NULL,to_timestamp('2018-09-25 00:00:00', 'YYYY-MM-DD HH24:MI:SS'));
insert into message values(116,44,'Hey, I saw highlight door and it reminded me of debate.',88,NULL,to_timestamp('2018-08-07 00:00:00', 'YYYY-MM-DD HH24:MI:SS'));
insert into message values(117,16,'Did you get the travelers I sent you?',43,NULL,to_timestamp('2018-07-18 00:00:00', 'YYYY-MM-DD HH24:MI:SS'));
insert into message values(118,8,'What are you doing tonight?  I found this chelsea promoting I want to try!',42,NULL,to_timestamp('2018-02-02 00:00:00', 'YYYY-MM-DD HH24:MI:SS'));
insert into message values(119,21,'Hey, I saw justice screens and it reminded me of ontario.',55,NULL,to_timestamp('2018-08-04 00:00:00', 'YYYY-MM-DD HH24:MI:SS'));
insert into message values(120,30,'Did you get the dispatch I sent you?',44,NULL,to_timestamp('2018-01-11 00:00:00', 'YYYY-MM-DD HH24:MI:SS'));
insert into message values(121,26,'What are you doing tonight?  I found this prostate diameter I want to try!',93,NULL,to_timestamp('2018-11-17 00:00:00', 'YYYY-MM-DD HH24:MI:SS'));
insert into message values(122,41,'Did you get the arkansas I sent you?',77,NULL,to_timestamp('2018-11-01 00:00:00', 'YYYY-MM-DD HH24:MI:SS'));
insert into message values(123,56,'What do you want for your birthday?  What about blade libs?',68,NULL,to_timestamp('2018-11-11 00:00:00', 'YYYY-MM-DD HH24:MI:SS'));
insert into message values(124,58,'Did you get the alcohol I sent you?',84,NULL,to_timestamp('2018-08-19 00:00:00', 'YYYY-MM-DD HH24:MI:SS'));
insert into message values(125,1,'Did you get the moral I sent you?',77,NULL,to_timestamp('2018-02-06 00:00:00', 'YYYY-MM-DD HH24:MI:SS'));
insert into message values(126,62,'Today in cs1555 we talked about play.  In Oracle, we use julian, but in PostgreSQL we use watt.',92,NULL,to_timestamp('2018-09-12 00:00:00', 'YYYY-MM-DD HH24:MI:SS'));
insert into message values(127,26,'What are you doing tonight?  I found this grade lenders I want to try!',59,NULL,to_timestamp('2018-10-24 00:00:00', 'YYYY-MM-DD HH24:MI:SS'));
insert into message values(128,79,'Did you get the experts I sent you?',81,NULL,to_timestamp('2018-04-11 00:00:00', 'YYYY-MM-DD HH24:MI:SS'));
insert into message values(129,7,'My dog just ate monitored intranet and it is all your fault.',21,NULL,to_timestamp('2018-06-17 00:00:00', 'YYYY-MM-DD HH24:MI:SS'));
insert into message values(130,38,'Today in cs1555 we talked about someone.  In Oracle, we use pole, but in PostgreSQL we use complex.',54,NULL,to_timestamp('2018-05-12 00:00:00', 'YYYY-MM-DD HH24:MI:SS'));
insert into message values(131,35,'Check out the start! #stickersagreed',50,NULL,to_timestamp('2018-11-16 00:00:00', 'YYYY-MM-DD HH24:MI:SS'));
insert into message values(132,8,'Did you get the necklace I sent you?',50,NULL,to_timestamp('2018-06-10 00:00:00', 'YYYY-MM-DD HH24:MI:SS'));
insert into message values(133,32,'What do you want for your birthday?  What about gene teachers?',97,NULL,to_timestamp('2018-01-15 00:00:00', 'YYYY-MM-DD HH24:MI:SS'));
insert into message values(134,7,'Hey, I saw appeal trio and it reminded me of flesh.',42,NULL,to_timestamp('2018-07-03 00:00:00', 'YYYY-MM-DD HH24:MI:SS'));
insert into message values(135,21,'What do you want for your birthday?  What about aside carry?',55,NULL,to_timestamp('2018-10-25 00:00:00', 'YYYY-MM-DD HH24:MI:SS'));
insert into message values(136,37,'My dog just ate answer calendars and it is all your fault.',78,NULL,to_timestamp('2018-08-16 00:00:00', 'YYYY-MM-DD HH24:MI:SS'));
insert into message values(137,40,'What are you doing tonight?  I found this madison point I want to try!',94,NULL,to_timestamp('2018-01-14 00:00:00', 'YYYY-MM-DD HH24:MI:SS'));
insert into message values(138,8,'Check out the tractor! #urgentopenings',82,NULL,to_timestamp('2018-04-16 00:00:00', 'YYYY-MM-DD HH24:MI:SS'));
insert into message values(139,23,'What do you want for your birthday?  What about crossing whereas?',24,NULL,to_timestamp('2018-07-14 00:00:00', 'YYYY-MM-DD HH24:MI:SS'));
insert into message values(140,34,'Check out the fraud! #boltcolors',46,NULL,to_timestamp('2018-05-22 00:00:00', 'YYYY-MM-DD HH24:MI:SS'));
insert into message values(141,4,'Check out the filled! #licensepilot',22,NULL,to_timestamp('2018-12-17 00:00:00', 'YYYY-MM-DD HH24:MI:SS'));
insert into message values(142,0,'My dog just ate oral terminals and it is all your fault.',3,NULL,to_timestamp('2018-10-23 00:00:00', 'YYYY-MM-DD HH24:MI:SS'));
insert into message values(143,34,'Today in cs1555 we talked about locations.  In Oracle, we use customer, but in PostgreSQL we use alarm.',46,NULL,to_timestamp('2018-01-03 00:00:00', 'YYYY-MM-DD HH24:MI:SS'));
insert into message values(144,16,'What do you want for your birthday?  What about chain prospects?',81,NULL,to_timestamp('2018-07-16 00:00:00', 'YYYY-MM-DD HH24:MI:SS'));
insert into message values(145,30,'My dog just ate israel suzuki and it is all your fault.',33,NULL,to_timestamp('2018-06-05 00:00:00', 'YYYY-MM-DD HH24:MI:SS'));
insert into message values(146,3,'Today in cs1555 we talked about zope.  In Oracle, we use sarah, but in PostgreSQL we use logitech.',7,NULL,to_timestamp('2018-08-19 00:00:00', 'YYYY-MM-DD HH24:MI:SS'));
insert into message values(147,50,'What do you want for your birthday?  What about civil phillips?',54,NULL,to_timestamp('2018-01-15 00:00:00', 'YYYY-MM-DD HH24:MI:SS'));
insert into message values(148,48,'Check out the hereby! #reutersrotation',80,NULL,to_timestamp('2018-12-23 00:00:00', 'YYYY-MM-DD HH24:MI:SS'));
insert into message values(149,37,'What do you want for your birthday?  What about there workplace?',76,NULL,to_timestamp('2018-04-25 00:00:00', 'YYYY-MM-DD HH24:MI:SS'));
insert into message values(150,86,'What are you doing tonight?  I found this planned findlaw I want to try!',89,NULL,to_timestamp('2018-11-20 00:00:00', 'YYYY-MM-DD HH24:MI:SS'));
insert into message values(151,7,'What do you want for your birthday?  What about emotions replies?',95,NULL,to_timestamp('2018-09-10 00:00:00', 'YYYY-MM-DD HH24:MI:SS'));
insert into message values(152,7,'Hey, I saw lolita courts and it reminded me of spoke.',29,NULL,to_timestamp('2018-02-19 00:00:00', 'YYYY-MM-DD HH24:MI:SS'));
insert into message values(153,58,'Did you get the shortcuts I sent you?',84,NULL,to_timestamp('2018-10-02 00:00:00', 'YYYY-MM-DD HH24:MI:SS'));
insert into message values(154,47,'Did you get the special I sent you?',53,NULL,to_timestamp('2018-01-24 00:00:00', 'YYYY-MM-DD HH24:MI:SS'));
insert into message values(155,56,'Did you get the throws I sent you?',68,NULL,to_timestamp('2018-08-01 00:00:00', 'YYYY-MM-DD HH24:MI:SS'));
insert into message values(156,82,'What do you want for your birthday?  What about lakes industry?',90,NULL,to_timestamp('2018-03-10 00:00:00', 'YYYY-MM-DD HH24:MI:SS'));
insert into message values(157,29,'Today in cs1555 we talked about trigger.  In Oracle, we use clean, but in PostgreSQL we use eugene.',92,NULL,to_timestamp('2018-08-19 00:00:00', 'YYYY-MM-DD HH24:MI:SS'));
insert into message values(158,58,'What do you want for your birthday?  What about crest strikes?',88,NULL,to_timestamp('2018-02-12 00:00:00', 'YYYY-MM-DD HH24:MI:SS'));
insert into message values(159,30,'Did you get the gentle I sent you?',96,NULL,to_timestamp('2018-08-08 00:00:00', 'YYYY-MM-DD HH24:MI:SS'));
insert into message values(160,73,'What are you doing tonight?  I found this what plymouth I want to try!',78,NULL,to_timestamp('2018-08-08 00:00:00', 'YYYY-MM-DD HH24:MI:SS'));
insert into message values(161,26,'Hey, I saw morrison factory and it reminded me of stan.',59,NULL,to_timestamp('2018-03-23 00:00:00', 'YYYY-MM-DD HH24:MI:SS'));
insert into message values(162,54,'What do you want for your birthday?  What about reserve customers?',68,NULL,to_timestamp('2018-01-03 00:00:00', 'YYYY-MM-DD HH24:MI:SS'));
insert into message values(163,21,'Did you get the construct I sent you?',76,NULL,to_timestamp('2018-01-25 00:00:00', 'YYYY-MM-DD HH24:MI:SS'));
insert into message values(164,8,'Today in cs1555 we talked about record.  In Oracle, we use biography, but in PostgreSQL we use aquatic.',50,NULL,to_timestamp('2018-01-05 00:00:00', 'YYYY-MM-DD HH24:MI:SS'));
insert into message values(165,8,'What do you want for your birthday?  What about ratios efficient?',42,NULL,to_timestamp('2018-08-13 00:00:00', 'YYYY-MM-DD HH24:MI:SS'));
insert into message values(166,0,'What are you doing tonight?  I found this yellow workforce I want to try!',98,NULL,to_timestamp('2018-11-23 00:00:00', 'YYYY-MM-DD HH24:MI:SS'));
insert into message values(167,4,'Check out the requested! #dairycontrast',22,NULL,to_timestamp('2018-09-12 00:00:00', 'YYYY-MM-DD HH24:MI:SS'));
insert into message values(168,55,'Hey, I saw skip searched and it reminded me of romania.',69,NULL,to_timestamp('2018-09-03 00:00:00', 'YYYY-MM-DD HH24:MI:SS'));
insert into message values(169,32,'What do you want for your birthday?  What about comedy carey?',50,NULL,to_timestamp('2018-12-04 00:00:00', 'YYYY-MM-DD HH24:MI:SS'));
insert into message values(170,3,'What are you doing tonight?  I found this aged experts I want to try!',36,NULL,to_timestamp('2018-03-27 00:00:00', 'YYYY-MM-DD HH24:MI:SS'));
insert into message values(171,0,'Today in cs1555 we talked about dominant.  In Oracle, we use merge, but in PostgreSQL we use keyboards.',29,NULL,to_timestamp('2018-02-02 00:00:00', 'YYYY-MM-DD HH24:MI:SS'));
insert into message values(172,4,'Check out the closing! #dispatchangola',99,NULL,to_timestamp('2018-09-11 00:00:00', 'YYYY-MM-DD HH24:MI:SS'));
insert into message values(173,5,'What do you want for your birthday?  What about monte votes?',69,NULL,to_timestamp('2018-02-23 00:00:00', 'YYYY-MM-DD HH24:MI:SS'));
insert into message values(174,10,'What are you doing tonight?  I found this went flavor I want to try!',49,NULL,to_timestamp('2018-05-12 00:00:00', 'YYYY-MM-DD HH24:MI:SS'));
insert into message values(175,64,'What do you want for your birthday?  What about henry tranny?',94,NULL,to_timestamp('2018-06-11 00:00:00', 'YYYY-MM-DD HH24:MI:SS'));
insert into message values(176,16,'Did you get the bath I sent you?',43,NULL,to_timestamp('2018-05-13 00:00:00', 'YYYY-MM-DD HH24:MI:SS'));
insert into message values(177,30,'Hey, I saw undertake obtain and it reminded me of substance.',44,NULL,to_timestamp('2018-12-06 00:00:00', 'YYYY-MM-DD HH24:MI:SS'));
insert into message values(178,23,'Hey, I saw major percent and it reminded me of inbox.',79,NULL,to_timestamp('2018-09-03 00:00:00', 'YYYY-MM-DD HH24:MI:SS'));
insert into message values(179,5,'What do you want for your birthday?  What about titten drink?',9,NULL,to_timestamp('2018-04-17 00:00:00', 'YYYY-MM-DD HH24:MI:SS'));
insert into message values(180,41,'Did you get the egyptian I sent you?',77,NULL,to_timestamp('2018-03-14 00:00:00', 'YYYY-MM-DD HH24:MI:SS'));
insert into message values(181,85,'Today in cs1555 we talked about beta.  In Oracle, we use united, but in PostgreSQL we use arrival.',91,NULL,to_timestamp('2018-04-13 00:00:00', 'YYYY-MM-DD HH24:MI:SS'));
insert into message values(182,58,'What do you want for your birthday?  What about navy monkey?',84,NULL,to_timestamp('2018-07-13 00:00:00', 'YYYY-MM-DD HH24:MI:SS'));
insert into message values(183,2,'Hey, I saw involving russian and it reminded me of armor.',72,NULL,to_timestamp('2018-01-09 00:00:00', 'YYYY-MM-DD HH24:MI:SS'));
insert into message values(184,41,'Today in cs1555 we talked about warrant.  In Oracle, we use uploaded, but in PostgreSQL we use missions.',42,NULL,to_timestamp('2018-01-26 00:00:00', 'YYYY-MM-DD HH24:MI:SS'));
insert into message values(185,19,'What do you want for your birthday?  What about daddy certified?',49,NULL,to_timestamp('2018-06-02 00:00:00', 'YYYY-MM-DD HH24:MI:SS'));
insert into message values(186,13,'Today in cs1555 we talked about accurate.  In Oracle, we use robust, but in PostgreSQL we use dirty.',57,NULL,to_timestamp('2018-03-04 00:00:00', 'YYYY-MM-DD HH24:MI:SS'));
insert into message values(187,20,'Check out the credits! #foodslithuania',24,NULL,to_timestamp('2018-10-20 00:00:00', 'YYYY-MM-DD HH24:MI:SS'));
insert into message values(188,17,'Check out the adults! #geologyhandled',27,NULL,to_timestamp('2018-01-21 00:00:00', 'YYYY-MM-DD HH24:MI:SS'));
insert into message values(189,6,'Hey, I saw oxford than and it reminded me of leading.',22,NULL,to_timestamp('2018-03-10 00:00:00', 'YYYY-MM-DD HH24:MI:SS'));
insert into message values(190,22,'Hey, I saw obvious kiss and it reminded me of forces.',52,NULL,to_timestamp('2018-04-02 00:00:00', 'YYYY-MM-DD HH24:MI:SS'));
insert into message values(191,23,'Did you get the jury I sent you?',45,NULL,to_timestamp('2018-05-24 00:00:00', 'YYYY-MM-DD HH24:MI:SS'));
insert into message values(192,9,'Check out the hiking! #adjustforever',40,NULL,to_timestamp('2018-12-05 00:00:00', 'YYYY-MM-DD HH24:MI:SS'));
insert into message values(193,30,'What are you doing tonight?  I found this panic alex I want to try!',44,NULL,to_timestamp('2018-08-15 00:00:00', 'YYYY-MM-DD HH24:MI:SS'));
insert into message values(194,26,'Did you get the marketing I sent you?',34,NULL,to_timestamp('2018-11-12 00:00:00', 'YYYY-MM-DD HH24:MI:SS'));
insert into message values(195,5,'What are you doing tonight?  I found this give gazette I want to try!',27,NULL,to_timestamp('2018-02-06 00:00:00', 'YYYY-MM-DD HH24:MI:SS'));
insert into message values(196,59,'Check out the although! #ridersrisk',69,NULL,to_timestamp('2018-12-08 00:00:00', 'YYYY-MM-DD HH24:MI:SS'));
insert into message values(197,73,'Check out the tables! #greyenrolled',78,NULL,to_timestamp('2018-05-16 00:00:00', 'YYYY-MM-DD HH24:MI:SS'));
insert into message values(198,73,'Today in cs1555 we talked about track.  In Oracle, we use venue, but in PostgreSQL we use indicates.',76,NULL,to_timestamp('2018-03-09 00:00:00', 'YYYY-MM-DD HH24:MI:SS'));
insert into message values(199,13,'Today in cs1555 we talked about volvo.  In Oracle, we use abstract, but in PostgreSQL we use replies.',25,NULL,to_timestamp('2018-06-09 00:00:00', 'YYYY-MM-DD HH24:MI:SS'));
insert into message values(200,30,'Did you get the jewel I sent you?',90,NULL,to_timestamp('2018-06-11 00:00:00', 'YYYY-MM-DD HH24:MI:SS'));
insert into message values(201,41,'Check out the applies! #rapidlyremain',77,NULL,to_timestamp('2018-08-23 00:00:00', 'YYYY-MM-DD HH24:MI:SS'));
insert into message values(202,7,'What are you doing tonight?  I found this leasing meant I want to try!',69,NULL,to_timestamp('2018-11-10 00:00:00', 'YYYY-MM-DD HH24:MI:SS'));
insert into message values(203,38,'My dog just ate andorra sporting and it is all your fault.',72,NULL,to_timestamp('2018-11-27 00:00:00', 'YYYY-MM-DD HH24:MI:SS'));
insert into message values(204,32,'Hey, I saw grave episodes and it reminded me of jobs.',97,NULL,to_timestamp('2018-08-24 00:00:00', 'YYYY-MM-DD HH24:MI:SS'));
insert into message values(205,50,'Check out the direction! #exclusiveplanners',59,NULL,to_timestamp('2018-11-15 00:00:00', 'YYYY-MM-DD HH24:MI:SS'));
insert into message values(206,21,'What do you want for your birthday?  What about more cached?',69,NULL,to_timestamp('2018-12-13 00:00:00', 'YYYY-MM-DD HH24:MI:SS'));
insert into message values(207,7,'My dog just ate clothes webshots and it is all your fault.',29,NULL,to_timestamp('2018-04-02 00:00:00', 'YYYY-MM-DD HH24:MI:SS'));
insert into message values(208,5,'Hey, I saw hell employees and it reminded me of aqua.',48,NULL,to_timestamp('2018-12-21 00:00:00', 'YYYY-MM-DD HH24:MI:SS'));
insert into message values(209,37,'What do you want for your birthday?  What about laughing logging?',78,NULL,to_timestamp('2018-01-06 00:00:00', 'YYYY-MM-DD HH24:MI:SS'));
insert into message values(210,0,'Check out the partners! #endlessresulting',29,NULL,to_timestamp('2018-09-26 00:00:00', 'YYYY-MM-DD HH24:MI:SS'));
insert into message values(211,30,'Hey, I saw cope accent and it reminded me of robert.',37,NULL,to_timestamp('2018-09-22 00:00:00', 'YYYY-MM-DD HH24:MI:SS'));
insert into message values(212,6,'Hey, I saw baghdad plates and it reminded me of holy.',85,NULL,to_timestamp('2018-04-10 00:00:00', 'YYYY-MM-DD HH24:MI:SS'));
insert into message values(213,67,'My dog just ate vacuum network and it is all your fault.',93,NULL,to_timestamp('2018-05-15 00:00:00', 'YYYY-MM-DD HH24:MI:SS'));
insert into message values(214,18,'Hey, I saw nursing greater and it reminded me of junior.',21,NULL,to_timestamp('2018-02-20 00:00:00', 'YYYY-MM-DD HH24:MI:SS'));
insert into message values(215,38,'Hey, I saw agrees collar and it reminded me of aluminum.',72,NULL,to_timestamp('2018-08-11 00:00:00', 'YYYY-MM-DD HH24:MI:SS'));
insert into message values(216,5,'What do you want for your birthday?  What about given carried?',48,NULL,to_timestamp('2018-12-27 00:00:00', 'YYYY-MM-DD HH24:MI:SS'));
insert into message values(217,79,'What are you doing tonight?  I found this herbal universal I want to try!',81,NULL,to_timestamp('2018-07-14 00:00:00', 'YYYY-MM-DD HH24:MI:SS'));
insert into message values(218,64,'Today in cs1555 we talked about blacks.  In Oracle, we use microsoft, but in PostgreSQL we use start.',94,NULL,to_timestamp('2018-09-09 00:00:00', 'YYYY-MM-DD HH24:MI:SS'));
insert into message values(219,47,'What do you want for your birthday?  What about report sullivan?',53,NULL,to_timestamp('2018-04-17 00:00:00', 'YYYY-MM-DD HH24:MI:SS'));
insert into message values(220,35,'Check out the heater! #heelshelter',79,NULL,to_timestamp('2018-06-21 00:00:00', 'YYYY-MM-DD HH24:MI:SS'));
insert into message values(221,10,'My dog just ate bass consensus and it is all your fault.',71,NULL,to_timestamp('2018-06-08 00:00:00', 'YYYY-MM-DD HH24:MI:SS'));
insert into message values(222,5,'Hey, I saw mauritius facts and it reminded me of backup.',9,NULL,to_timestamp('2018-11-08 00:00:00', 'YYYY-MM-DD HH24:MI:SS'));
insert into message values(223,51,'My dog just ate penn sublime and it is all your fault.',80,NULL,to_timestamp('2018-04-07 00:00:00', 'YYYY-MM-DD HH24:MI:SS'));
insert into message values(224,17,'Today in cs1555 we talked about chan.  In Oracle, we use russia, but in PostgreSQL we use crime.',21,NULL,to_timestamp('2018-11-24 00:00:00', 'YYYY-MM-DD HH24:MI:SS'));
insert into message values(225,23,'Check out the bodies! #removesaturn',24,NULL,to_timestamp('2018-04-22 00:00:00', 'YYYY-MM-DD HH24:MI:SS'));
insert into message values(226,29,'What do you want for your birthday?  What about became haven?',61,NULL,to_timestamp('2018-10-23 00:00:00', 'YYYY-MM-DD HH24:MI:SS'));
insert into message values(227,7,'Today in cs1555 we talked about looksmart.  In Oracle, we use maple, but in PostgreSQL we use boot.',29,NULL,to_timestamp('2018-11-19 00:00:00', 'YYYY-MM-DD HH24:MI:SS'));
insert into message values(228,5,'Today in cs1555 we talked about hitting.  In Oracle, we use briefly, but in PostgreSQL we use particles.',17,NULL,to_timestamp('2018-08-11 00:00:00', 'YYYY-MM-DD HH24:MI:SS'));
insert into message values(229,41,'What do you want for your birthday?  What about miller defence?',51,NULL,to_timestamp('2018-07-05 00:00:00', 'YYYY-MM-DD HH24:MI:SS'));
insert into message values(230,66,'Check out the granted! #essaycasey',84,NULL,to_timestamp('2018-02-11 00:00:00', 'YYYY-MM-DD HH24:MI:SS'));
insert into message values(231,14,'Did you get the publicly I sent you?',77,NULL,to_timestamp('2018-08-25 00:00:00', 'YYYY-MM-DD HH24:MI:SS'));
insert into message values(232,27,'Hey, I saw signing giving and it reminded me of track.',96,NULL,to_timestamp('2018-01-12 00:00:00', 'YYYY-MM-DD HH24:MI:SS'));
insert into message values(233,26,'My dog just ate airport reviewed and it is all your fault.',37,NULL,to_timestamp('2018-07-17 00:00:00', 'YYYY-MM-DD HH24:MI:SS'));
insert into message values(234,35,'What are you doing tonight?  I found this retention zero I want to try!',79,NULL,to_timestamp('2018-02-06 00:00:00', 'YYYY-MM-DD HH24:MI:SS'));
insert into message values(235,35,'Did you get the army I sent you?',79,NULL,to_timestamp('2018-06-02 00:00:00', 'YYYY-MM-DD HH24:MI:SS'));
insert into message values(236,71,'Today in cs1555 we talked about cedar.  In Oracle, we use dollar, but in PostgreSQL we use canon.',82,NULL,to_timestamp('2018-06-09 00:00:00', 'YYYY-MM-DD HH24:MI:SS'));
insert into message values(237,2,'My dog just ate high hardcover and it is all your fault.',72,NULL,to_timestamp('2018-08-14 00:00:00', 'YYYY-MM-DD HH24:MI:SS'));
insert into message values(238,17,'My dog just ate terrain glenn and it is all your fault.',50,NULL,to_timestamp('2018-05-14 00:00:00', 'YYYY-MM-DD HH24:MI:SS'));
insert into message values(239,35,'Hey, I saw winston crop and it reminded me of kennedy.',62,NULL,to_timestamp('2018-03-18 00:00:00', 'YYYY-MM-DD HH24:MI:SS'));
insert into message values(240,31,'What do you want for your birthday?  What about banner bundle?',65,NULL,to_timestamp('2018-10-09 00:00:00', 'YYYY-MM-DD HH24:MI:SS'));
insert into message values(241,16,'Did you get the broken I sent you?',81,NULL,to_timestamp('2018-12-01 00:00:00', 'YYYY-MM-DD HH24:MI:SS'));
insert into message values(242,43,'What do you want for your birthday?  What about imposed date?',82,NULL,to_timestamp('2018-11-05 00:00:00', 'YYYY-MM-DD HH24:MI:SS'));
insert into message values(243,13,'Check out the andorra! #stunningemerging',57,NULL,to_timestamp('2018-05-11 00:00:00', 'YYYY-MM-DD HH24:MI:SS'));
insert into message values(244,21,'Hey, I saw census smallest and it reminded me of tenant.',56,NULL,to_timestamp('2018-06-17 00:00:00', 'YYYY-MM-DD HH24:MI:SS'));
insert into message values(245,77,'Did you get the armed I sent you?',92,NULL,to_timestamp('2018-07-23 00:00:00', 'YYYY-MM-DD HH24:MI:SS'));
insert into message values(246,34,'Did you get the sole I sent you?',46,NULL,to_timestamp('2018-11-15 00:00:00', 'YYYY-MM-DD HH24:MI:SS'));
insert into message values(247,71,'Check out the lindsay! #fibrexanax',82,NULL,to_timestamp('2018-08-21 00:00:00', 'YYYY-MM-DD HH24:MI:SS'));
insert into message values(248,43,'Did you get the attorneys I sent you?',82,NULL,to_timestamp('2018-11-21 00:00:00', 'YYYY-MM-DD HH24:MI:SS'));
insert into message values(249,90,'What are you doing tonight?  I found this blowing theorem I want to try!',91,NULL,to_timestamp('2018-12-02 00:00:00', 'YYYY-MM-DD HH24:MI:SS'));
insert into message values(250,30,'What do you want for your birthday?  What about boys marking?',37,NULL,to_timestamp('2018-12-04 00:00:00', 'YYYY-MM-DD HH24:MI:SS'));
insert into message values(251,44,'Check out the rural! #stickerlane',72,NULL,to_timestamp('2018-10-05 00:00:00', 'YYYY-MM-DD HH24:MI:SS'));
insert into message values(252,16,'What do you want for your birthday?  What about adidas soap?',43,NULL,to_timestamp('2018-03-27 00:00:00', 'YYYY-MM-DD HH24:MI:SS'));
insert into message values(253,21,'Did you get the routes I sent you?',56,NULL,to_timestamp('2018-04-05 00:00:00', 'YYYY-MM-DD HH24:MI:SS'));
insert into message values(254,26,'My dog just ate floyd lingerie and it is all your fault.',29,NULL,to_timestamp('2018-11-24 00:00:00', 'YYYY-MM-DD HH24:MI:SS'));
insert into message values(255,37,'What do you want for your birthday?  What about adobe willow?',76,NULL,to_timestamp('2018-04-02 00:00:00', 'YYYY-MM-DD HH24:MI:SS'));
insert into message values(256,7,'Check out the rogers! #morningcrack',21,NULL,to_timestamp('2018-07-16 00:00:00', 'YYYY-MM-DD HH24:MI:SS'));
insert into message values(257,25,'Did you get the chest I sent you?',81,NULL,to_timestamp('2018-01-12 00:00:00', 'YYYY-MM-DD HH24:MI:SS'));
insert into message values(258,13,'What do you want for your birthday?  What about works broadcast?',85,NULL,to_timestamp('2018-11-18 00:00:00', 'YYYY-MM-DD HH24:MI:SS'));
insert into message values(259,53,'Did you get the replace I sent you?',54,NULL,to_timestamp('2018-07-03 00:00:00', 'YYYY-MM-DD HH24:MI:SS'));
insert into message values(260,5,'What are you doing tonight?  I found this strike snake I want to try!',17,NULL,to_timestamp('2018-02-10 00:00:00', 'YYYY-MM-DD HH24:MI:SS'));
insert into message values(261,5,'Check out the belongs! #damagelake',69,NULL,to_timestamp('2018-04-07 00:00:00', 'YYYY-MM-DD HH24:MI:SS'));
insert into message values(262,52,'What are you doing tonight?  I found this bailey invest I want to try!',55,NULL,to_timestamp('2018-07-08 00:00:00', 'YYYY-MM-DD HH24:MI:SS'));
insert into message values(263,43,'What are you doing tonight?  I found this machines steps I want to try!',82,NULL,to_timestamp('2018-04-19 00:00:00', 'YYYY-MM-DD HH24:MI:SS'));
insert into message values(264,10,'Check out the impacts! #edwardthose',71,NULL,to_timestamp('2018-08-02 00:00:00', 'YYYY-MM-DD HH24:MI:SS'));
insert into message values(265,8,'Did you get the afternoon I sent you?',42,NULL,to_timestamp('2018-09-15 00:00:00', 'YYYY-MM-DD HH24:MI:SS'));
insert into message values(266,13,'Did you get the walking I sent you?',57,NULL,to_timestamp('2018-12-07 00:00:00', 'YYYY-MM-DD HH24:MI:SS'));
insert into message values(267,48,'My dog just ate extending want and it is all your fault.',80,NULL,to_timestamp('2018-07-02 00:00:00', 'YYYY-MM-DD HH24:MI:SS'));
insert into message values(268,1,'My dog just ate harm located and it is all your fault.',38,NULL,to_timestamp('2018-11-14 00:00:00', 'YYYY-MM-DD HH24:MI:SS'));
insert into message values(269,6,'Today in cs1555 we talked about service.  In Oracle, we use linked, but in PostgreSQL we use gonna.',85,NULL,to_timestamp('2018-06-24 00:00:00', 'YYYY-MM-DD HH24:MI:SS'));
insert into message values(270,2,'What do you want for your birthday?  What about treat arrive?',61,NULL,to_timestamp('2018-12-03 00:00:00', 'YYYY-MM-DD HH24:MI:SS'));
insert into message values(271,90,'What are you doing tonight?  I found this compared strong I want to try!',93,NULL,to_timestamp('2018-09-20 00:00:00', 'YYYY-MM-DD HH24:MI:SS'));
insert into message values(272,2,'Check out the secrets! #widthorgan',61,NULL,to_timestamp('2018-07-11 00:00:00', 'YYYY-MM-DD HH24:MI:SS'));
insert into message values(273,29,'Did you get the viewers I sent you?',77,NULL,to_timestamp('2018-11-12 00:00:00', 'YYYY-MM-DD HH24:MI:SS'));
insert into message values(274,3,'Check out the deposit! #tanksshine',7,NULL,to_timestamp('2018-01-02 00:00:00', 'YYYY-MM-DD HH24:MI:SS'));
insert into message values(275,34,'My dog just ate sculpture tanzania and it is all your fault.',48,NULL,to_timestamp('2018-07-23 00:00:00', 'YYYY-MM-DD HH24:MI:SS'));
insert into message values(276,41,'What do you want for your birthday?  What about window headset?',77,NULL,to_timestamp('2018-05-10 00:00:00', 'YYYY-MM-DD HH24:MI:SS'));
insert into message values(277,59,'What are you doing tonight?  I found this strap brain I want to try!',69,NULL,to_timestamp('2018-02-06 00:00:00', 'YYYY-MM-DD HH24:MI:SS'));
insert into message values(278,38,'Hey, I saw trying priority and it reminded me of turbo.',72,NULL,to_timestamp('2018-06-21 00:00:00', 'YYYY-MM-DD HH24:MI:SS'));
insert into message values(279,56,'Did you get the receiving I sent you?',68,NULL,to_timestamp('2018-10-27 00:00:00', 'YYYY-MM-DD HH24:MI:SS'));
insert into message values(280,5,'What do you want for your birthday?  What about virgin sheep?',17,NULL,to_timestamp('2018-10-27 00:00:00', 'YYYY-MM-DD HH24:MI:SS'));
insert into message values(281,15,'What do you want for your birthday?  What about fiber lately?',49,NULL,to_timestamp('2018-02-14 00:00:00', 'YYYY-MM-DD HH24:MI:SS'));
insert into message values(282,58,'What are you doing tonight?  I found this resume ipod I want to try!',98,NULL,to_timestamp('2018-04-10 00:00:00', 'YYYY-MM-DD HH24:MI:SS'));
insert into message values(283,41,'Check out the tokyo! #adjustedanne',51,NULL,to_timestamp('2018-01-06 00:00:00', 'YYYY-MM-DD HH24:MI:SS'));
insert into message values(284,34,'Today in cs1555 we talked about drink.  In Oracle, we use identify, but in PostgreSQL we use workflow.',48,NULL,to_timestamp('2018-02-19 00:00:00', 'YYYY-MM-DD HH24:MI:SS'));
insert into message values(285,5,'My dog just ate messages remind and it is all your fault.',48,NULL,to_timestamp('2018-11-14 00:00:00', 'YYYY-MM-DD HH24:MI:SS'));
insert into message values(286,16,'Did you get the hiring I sent you?',98,NULL,to_timestamp('2018-05-11 00:00:00', 'YYYY-MM-DD HH24:MI:SS'));
insert into message values(287,66,'My dog just ate handled long and it is all your fault.',95,NULL,to_timestamp('2018-07-23 00:00:00', 'YYYY-MM-DD HH24:MI:SS'));
insert into message values(288,9,'What are you doing tonight?  I found this thompson pastor I want to try!',40,NULL,to_timestamp('2018-03-16 00:00:00', 'YYYY-MM-DD HH24:MI:SS'));
insert into message values(289,26,'My dog just ate candidate mind and it is all your fault.',29,NULL,to_timestamp('2018-01-19 00:00:00', 'YYYY-MM-DD HH24:MI:SS'));
insert into message values(290,18,'My dog just ate retailer isolated and it is all your fault.',76,NULL,to_timestamp('2018-08-18 00:00:00', 'YYYY-MM-DD HH24:MI:SS'));
insert into message values(291,46,'Today in cs1555 we talked about metadata.  In Oracle, we use struct, but in PostgreSQL we use appliance.',54,NULL,to_timestamp('2018-05-12 00:00:00', 'YYYY-MM-DD HH24:MI:SS'));
insert into message values(292,44,'My dog just ate juan moses and it is all your fault.',88,NULL,to_timestamp('2018-04-17 00:00:00', 'YYYY-MM-DD HH24:MI:SS'));
insert into message values(293,46,'What do you want for your birthday?  What about jury carbon?',48,NULL,to_timestamp('2018-12-24 00:00:00', 'YYYY-MM-DD HH24:MI:SS'));
insert into message values(294,76,'Check out the condo! #enablingachieving',88,NULL,to_timestamp('2018-10-01 00:00:00', 'YYYY-MM-DD HH24:MI:SS'));
insert into message values(295,23,'What do you want for your birthday?  What about under robertson?',79,NULL,to_timestamp('2018-01-26 00:00:00', 'YYYY-MM-DD HH24:MI:SS'));
insert into message values(296,34,'What are you doing tonight?  I found this quality funded I want to try!',46,NULL,to_timestamp('2018-12-27 00:00:00', 'YYYY-MM-DD HH24:MI:SS'));
insert into message values(297,54,'What are you doing tonight?  I found this shareware ocean I want to try!',68,NULL,to_timestamp('2018-04-27 00:00:00', 'YYYY-MM-DD HH24:MI:SS'));
insert into message values(298,22,'What are you doing tonight?  I found this towns captain I want to try!',63,NULL,to_timestamp('2018-08-03 00:00:00', 'YYYY-MM-DD HH24:MI:SS'));
insert into message values(299,21,'Hey, I saw choices abraham and it reminded me of wine.',56,NULL,to_timestamp('2018-01-27 00:00:00', 'YYYY-MM-DD HH24:MI:SS'));
insert into friend values(10,91,to_date('2017-12-09','YYYY-MM-DD'),'What are you doing tonight?  I found this hunter acne I want to try!');
insert into friend values(21,56,to_date('2017-12-27','YYYY-MM-DD'),'What are you doing tonight?  I found this superb saves I want to try!');
insert into friend values(5,81,to_date('2017-08-23','YYYY-MM-DD'),'Today in cs1555 we talked about signal.  In Oracle, we use express, but in PostgreSQL we use delta.');
insert into friend values(3,7,to_date('2017-01-25','YYYY-MM-DD'),'Today in cs1555 we talked about visits.  In Oracle, we use bull, but in PostgreSQL we use reasons.');
insert into friend values(59,69,to_date('2017-10-06','YYYY-MM-DD'),'My dog just ate wrote raised and it is all your fault.');
insert into friend values(57,87,to_date('2017-04-20','YYYY-MM-DD'),'Hey, I saw placed smell and it reminded me of bike.');
insert into friend values(12,52,to_date('2017-07-18','YYYY-MM-DD'),'Did you get the comply I sent you?');
insert into friend values(11,67,to_date('2017-11-19','YYYY-MM-DD'),'What do you want for your birthday?  What about caused logan?');
insert into friend values(38,72,to_date('2017-03-18','YYYY-MM-DD'),'Did you get the cottages I sent you?');
insert into friend values(60,79,to_date('2017-05-17','YYYY-MM-DD'),'Check out the blast! #houstoneuro');
insert into friend values(18,76,to_date('2017-08-22','YYYY-MM-DD'),'Hey, I saw gone changes and it reminded me of equality.');
insert into friend values(29,77,to_date('2017-09-02','YYYY-MM-DD'),'What do you want for your birthday?  What about true wallace?');
insert into friend values(10,71,to_date('2017-08-17','YYYY-MM-DD'),'What are you doing tonight?  I found this construct advocacy I want to try!');
insert into friend values(16,23,to_date('2017-02-05','YYYY-MM-DD'),'What do you want for your birthday?  What about telecom rubber?');
insert into friend values(38,71,to_date('2017-10-17','YYYY-MM-DD'),'What do you want for your birthday?  What about convicted mirrors?');
insert into friend values(18,91,to_date('2017-07-06','YYYY-MM-DD'),'Check out the crafts! #soldiersnail');
insert into friend values(73,78,to_date('2017-06-02','YYYY-MM-DD'),'Today in cs1555 we talked about holdings.  In Oracle, we use reserved, but in PostgreSQL we use either.');
insert into friend values(90,93,to_date('2017-06-14','YYYY-MM-DD'),'Today in cs1555 we talked about latin.  In Oracle, we use biggest, but in PostgreSQL we use seeds.');
insert into friend values(55,69,to_date('2017-05-09','YYYY-MM-DD'),'Check out the assembled! #mountainsolympic');
insert into friend values(80,83,to_date('2017-09-11','YYYY-MM-DD'),'What do you want for your birthday?  What about italia ocean?');
insert into friend values(1,38,to_date('2017-12-06','YYYY-MM-DD'),'Hey, I saw scanners risks and it reminded me of pressed.');
insert into friend values(4,50,to_date('2017-09-07','YYYY-MM-DD'),'Hey, I saw tractor barbados and it reminded me of meal.');
insert into friend values(25,71,to_date('2017-01-23','YYYY-MM-DD'),'Hey, I saw triangle between and it reminded me of rainbow.');
insert into friend values(1,32,to_date('2017-01-26','YYYY-MM-DD'),'What do you want for your birthday?  What about cyber forever?');
insert into friend values(0,31,to_date('2017-06-06','YYYY-MM-DD'),'What do you want for your birthday?  What about quality recorded?');
insert into friend values(0,29,to_date('2017-06-10','YYYY-MM-DD'),'What are you doing tonight?  I found this earrings hugo I want to try!');
insert into friend values(86,89,to_date('2017-11-25','YYYY-MM-DD'),'What are you doing tonight?  I found this venue kings I want to try!');
insert into friend values(2,61,to_date('2017-06-03','YYYY-MM-DD'),'My dog just ate expanded podcast and it is all your fault.');
insert into friend values(90,91,to_date('2017-05-14','YYYY-MM-DD'),'Check out the isolation! #horribleguides');
insert into friend values(16,81,to_date('2017-06-26','YYYY-MM-DD'),'Check out the open! #rememberwired');
insert into friend values(32,97,to_date('2017-09-14','YYYY-MM-DD'),'Check out the soon! #bathsproviders');
insert into friend values(5,69,to_date('2017-09-27','YYYY-MM-DD'),'My dog just ate charges blowjobs and it is all your fault.');
insert into friend values(84,94,to_date('2017-08-09','YYYY-MM-DD'),'What are you doing tonight?  I found this requiring enclosed I want to try!');
insert into friend values(26,29,to_date('2017-03-08','YYYY-MM-DD'),'Check out the dodge! #merelysheer');
insert into friend values(58,69,to_date('2017-07-12','YYYY-MM-DD'),'What do you want for your birthday?  What about looking config?');
insert into friend values(18,21,to_date('2017-06-01','YYYY-MM-DD'),'Check out the falling! #townworcester');
insert into friend values(0,3,to_date('2017-06-09','YYYY-MM-DD'),'My dog just ate journal options and it is all your fault.');
insert into friend values(5,27,to_date('2017-08-19','YYYY-MM-DD'),'What do you want for your birthday?  What about merchants catalog?');
insert into friend values(7,84,to_date('2017-12-06','YYYY-MM-DD'),'Did you get the injury I sent you?');
insert into friend values(73,76,to_date('2017-02-11','YYYY-MM-DD'),'What do you want for your birthday?  What about podcast mesh?');
insert into friend values(16,31,to_date('2017-01-04','YYYY-MM-DD'),'Check out the tropical! #texturesmith');
insert into friend values(32,71,to_date('2017-12-03','YYYY-MM-DD'),'My dog just ate mambo region and it is all your fault.');
insert into friend values(22,38,to_date('2017-04-07','YYYY-MM-DD'),'My dog just ate tobacco vendor and it is all your fault.');
insert into friend values(49,68,to_date('2017-03-23','YYYY-MM-DD'),'Today in cs1555 we talked about mumbai.  In Oracle, we use chinese, but in PostgreSQL we use jeremy.');
insert into friend values(30,57,to_date('2017-09-21','YYYY-MM-DD'),'Hey, I saw belly letter and it reminded me of sources.');
insert into friend values(23,45,to_date('2017-12-27','YYYY-MM-DD'),'My dog just ate quebec skiing and it is all your fault.');
insert into friend values(7,95,to_date('2017-04-05','YYYY-MM-DD'),'Hey, I saw monte visible and it reminded me of fairy.');
insert into friend values(41,42,to_date('2017-12-04','YYYY-MM-DD'),'Hey, I saw clinics dumb and it reminded me of panel.');
insert into friend values(13,25,to_date('2017-12-24','YYYY-MM-DD'),'My dog just ate delivered fraud and it is all your fault.');
insert into friend values(50,85,to_date('2017-03-04','YYYY-MM-DD'),'What are you doing tonight?  I found this based direct I want to try!');
insert into friend values(26,59,to_date('2017-11-21','YYYY-MM-DD'),'Check out the sponsored! #harvesttool');
insert into friend values(32,61,to_date('2017-08-08','YYYY-MM-DD'),'What do you want for your birthday?  What about bios moisture?');
insert into friend values(31,65,to_date('2017-10-26','YYYY-MM-DD'),'What are you doing tonight?  I found this ensures bouquet I want to try!');
insert into friend values(57,71,to_date('2017-05-05','YYYY-MM-DD'),'Check out the task! #heightshearts');
insert into friend values(52,55,to_date('2017-08-18','YYYY-MM-DD'),'Today in cs1555 we talked about unit.  In Oracle, we use phoenix, but in PostgreSQL we use sections.');
insert into friend values(23,24,to_date('2017-02-24','YYYY-MM-DD'),'Today in cs1555 we talked about instantly.  In Oracle, we use distances, but in PostgreSQL we use alliance.');
insert into friend values(38,54,to_date('2017-11-11','YYYY-MM-DD'),'What do you want for your birthday?  What about heater things?');
insert into friend values(28,65,to_date('2017-07-17','YYYY-MM-DD'),'What do you want for your birthday?  What about carmen perform?');
insert into friend values(34,48,to_date('2017-09-25','YYYY-MM-DD'),'What do you want for your birthday?  What about sponsored leave?');
insert into friend values(6,85,to_date('2017-02-08','YYYY-MM-DD'),'My dog just ate treasures nitrogen and it is all your fault.');
insert into friend values(16,43,to_date('2017-04-14','YYYY-MM-DD'),'Check out the lodging! #modifydrove');
insert into friend values(76,88,to_date('2017-03-18','YYYY-MM-DD'),'Check out the busty! #flowsbracelet');
insert into friend values(77,92,to_date('2017-03-04','YYYY-MM-DD'),'My dog just ate executive pockets and it is all your fault.');
insert into friend values(3,71,to_date('2017-08-01','YYYY-MM-DD'),'Today in cs1555 we talked about daily.  In Oracle, we use camp, but in PostgreSQL we use minimize.');
insert into friend values(85,91,to_date('2017-09-15','YYYY-MM-DD'),'My dog just ate missouri conduct and it is all your fault.');
insert into friend values(20,24,to_date('2017-10-04','YYYY-MM-DD'),'Did you get the alexander I sent you?');
insert into friend values(18,27,to_date('2017-09-18','YYYY-MM-DD'),'My dog just ate cnet toronto and it is all your fault.');
insert into friend values(50,75,to_date('2017-01-12','YYYY-MM-DD'),'Check out the wilson! #fearssmall');
insert into friend values(15,49,to_date('2017-01-20','YYYY-MM-DD'),'Today in cs1555 we talked about elizabeth.  In Oracle, we use vibrators, but in PostgreSQL we use defining.');
insert into friend values(7,20,to_date('2017-10-13','YYYY-MM-DD'),'Did you get the buttons I sent you?');
insert into friend values(35,79,to_date('2017-10-15','YYYY-MM-DD'),'What do you want for your birthday?  What about livecam porsche?');
insert into friend values(83,89,to_date('2017-07-11','YYYY-MM-DD'),'My dog just ate observe improving and it is all your fault.');
insert into friend values(4,99,to_date('2017-09-20','YYYY-MM-DD'),'My dog just ate barry indicator and it is all your fault.');
insert into friend values(39,98,to_date('2017-05-21','YYYY-MM-DD'),'What are you doing tonight?  I found this throws archive I want to try!');
insert into friend values(58,84,to_date('2017-02-25','YYYY-MM-DD'),'My dog just ate bench conducted and it is all your fault.');
insert into friend values(26,34,to_date('2017-03-10','YYYY-MM-DD'),'Today in cs1555 we talked about outdoors.  In Oracle, we use transfers, but in PostgreSQL we use albert.');
insert into friend values(54,68,to_date('2017-05-27','YYYY-MM-DD'),'Today in cs1555 we talked about lobby.  In Oracle, we use kill, but in PostgreSQL we use crafts.');
insert into friend values(24,66,to_date('2017-07-11','YYYY-MM-DD'),'Check out the rear! #hellolang');
insert into friend values(7,21,to_date('2017-06-26','YYYY-MM-DD'),'My dog just ate sailing repairs and it is all your fault.');
insert into friend values(29,61,to_date('2017-01-14','YYYY-MM-DD'),'Hey, I saw chem adopted and it reminded me of roman.');
insert into friend values(21,69,to_date('2017-07-13','YYYY-MM-DD'),'Hey, I saw same with and it reminded me of remove.');
insert into friend values(72,99,to_date('2017-01-12','YYYY-MM-DD'),'Did you get the range I sent you?');
insert into friend values(48,80,to_date('2017-01-23','YYYY-MM-DD'),'Did you get the sensors I sent you?');
insert into friend values(37,76,to_date('2017-05-20','YYYY-MM-DD'),'What do you want for your birthday?  What about samoa came?');
insert into friend values(50,79,to_date('2017-11-17','YYYY-MM-DD'),'Did you get the tiles I sent you?');
insert into friend values(17,88,to_date('2017-01-16','YYYY-MM-DD'),'My dog just ate favourite aurora and it is all your fault.');
insert into friend values(64,94,to_date('2017-05-26','YYYY-MM-DD'),'Check out the gadgets! #completedporno');
insert into friend values(41,77,to_date('2017-01-19','YYYY-MM-DD'),'What are you doing tonight?  I found this gains rise I want to try!');
insert into friend values(52,76,to_date('2017-05-11','YYYY-MM-DD'),'What do you want for your birthday?  What about quite connect?');
insert into friend values(44,72,to_date('2017-10-05','YYYY-MM-DD'),'Did you get the stock I sent you?');
insert into friend values(8,82,to_date('2017-07-19','YYYY-MM-DD'),'Check out the causes! #generatehurt');
insert into friend values(51,80,to_date('2017-09-12','YYYY-MM-DD'),'Hey, I saw connect pills and it reminded me of carlo.');
insert into friend values(6,22,to_date('2017-03-25','YYYY-MM-DD'),'Today in cs1555 we talked about adsl.  In Oracle, we use bahrain, but in PostgreSQL we use ranks.');
insert into friend values(56,68,to_date('2017-04-11','YYYY-MM-DD'),'Today in cs1555 we talked about rejected.  In Oracle, we use indirect, but in PostgreSQL we use horn.');
insert into friend values(14,86,to_date('2017-11-21','YYYY-MM-DD'),'Check out the direction! #clauseanderson');
insert into friend values(30,90,to_date('2017-03-14','YYYY-MM-DD'),'Today in cs1555 we talked about delivers.  In Oracle, we use alaska, but in PostgreSQL we use chinese.');
insert into friend values(7,29,to_date('2017-11-13','YYYY-MM-DD'),'What do you want for your birthday?  What about cheque icon?');
insert into friend values(26,50,to_date('2017-08-26','YYYY-MM-DD'),'Hey, I saw meyer existence and it reminded me of elephant.');
insert into friend values(32,68,to_date('2017-07-09','YYYY-MM-DD'),'My dog just ate databases camp and it is all your fault.');
insert into friend values(50,59,to_date('2017-11-12','YYYY-MM-DD'),'Today in cs1555 we talked about dogs.  In Oracle, we use soon, but in PostgreSQL we use mayor.');
insert into friend values(58,88,to_date('2017-04-25','YYYY-MM-DD'),'Check out the junk! #angolabelly');
insert into friend values(87,94,to_date('2017-08-22','YYYY-MM-DD'),'Today in cs1555 we talked about multiple.  In Oracle, we use invited, but in PostgreSQL we use walt.');
insert into friend values(19,49,to_date('2017-02-21','YYYY-MM-DD'),'What do you want for your birthday?  What about learned oxygen?');
insert into friend values(79,81,to_date('2017-01-18','YYYY-MM-DD'),'Check out the wanted! #japanandrea');
insert into friend values(17,21,to_date('2017-09-23','YYYY-MM-DD'),'Hey, I saw hopefully ethernet and it reminded me of returned.');
insert into friend values(16,98,to_date('2017-03-07','YYYY-MM-DD'),'Hey, I saw barriers sexcam and it reminded me of guys.');
insert into friend values(10,49,to_date('2017-07-13','YYYY-MM-DD'),'What do you want for your birthday?  What about incident question?');
insert into friend values(21,55,to_date('2017-04-14','YYYY-MM-DD'),'Today in cs1555 we talked about cooper.  In Oracle, we use durham, but in PostgreSQL we use nail.');
insert into friend values(27,96,to_date('2017-05-12','YYYY-MM-DD'),'What do you want for your birthday?  What about shots changed?');
insert into friend values(63,76,to_date('2017-09-10','YYYY-MM-DD'),'What do you want for your birthday?  What about rankings criterion?');
insert into friend values(46,54,to_date('2017-12-11','YYYY-MM-DD'),'Today in cs1555 we talked about novels.  In Oracle, we use peeing, but in PostgreSQL we use expand.');
insert into friend values(21,27,to_date('2017-05-04','YYYY-MM-DD'),'What do you want for your birthday?  What about booty baker?');
insert into friend values(62,92,to_date('2017-01-21','YYYY-MM-DD'),'Did you get the switched I sent you?');
insert into friend values(8,50,to_date('2017-10-02','YYYY-MM-DD'),'What do you want for your birthday?  What about carbon compiler?');
insert into friend values(56,58,to_date('2017-12-08','YYYY-MM-DD'),'Check out the payment! #cabinetchicken');
insert into friend values(14,77,to_date('2017-01-22','YYYY-MM-DD'),'Today in cs1555 we talked about diving.  In Oracle, we use piano, but in PostgreSQL we use audit.');
insert into friend values(55,80,to_date('2017-08-23','YYYY-MM-DD'),'My dog just ate unless finished and it is all your fault.');
insert into friend values(17,50,to_date('2017-10-17','YYYY-MM-DD'),'Did you get the birds I sent you?');
insert into friend values(32,74,to_date('2017-04-12','YYYY-MM-DD'),'What do you want for your birthday?  What about marking producing?');
insert into friend values(40,94,to_date('2017-05-06','YYYY-MM-DD'),'What do you want for your birthday?  What about support conflicts?');
insert into friend values(3,36,to_date('2017-07-27','YYYY-MM-DD'),'My dog just ate fifth universal and it is all your fault.');
insert into friend values(30,33,to_date('2017-01-11','YYYY-MM-DD'),'What are you doing tonight?  I found this gateway camera I want to try!');
insert into friend values(86,94,to_date('2017-02-14','YYYY-MM-DD'),'Hey, I saw error shift and it reminded me of ringtones.');
insert into friend values(10,60,to_date('2017-10-10','YYYY-MM-DD'),'My dog just ate spyware pendant and it is all your fault.');
insert into friend values(16,97,to_date('2017-05-20','YYYY-MM-DD'),'What are you doing tonight?  I found this outlook char I want to try!');
insert into friend values(41,88,to_date('2017-05-23','YYYY-MM-DD'),'What are you doing tonight?  I found this herself symposium I want to try!');
insert into friend values(41,51,to_date('2017-03-03','YYYY-MM-DD'),'Today in cs1555 we talked about confirm.  In Oracle, we use about, but in PostgreSQL we use curve.');
insert into friend values(30,44,to_date('2017-10-09','YYYY-MM-DD'),'Hey, I saw flip offered and it reminded me of afternoon.');
insert into friend values(0,42,to_date('2017-06-13','YYYY-MM-DD'),'Check out the extreme! #postcardskept');
insert into friend values(30,37,to_date('2017-05-01','YYYY-MM-DD'),'Hey, I saw road safe and it reminded me of squirt.');
insert into friend values(20,88,to_date('2017-04-16','YYYY-MM-DD'),'What do you want for your birthday?  What about boston cited?');
insert into friend values(0,98,to_date('2017-03-21','YYYY-MM-DD'),'Hey, I saw gray honest and it reminded me of shipments.');
insert into friend values(35,62,to_date('2017-07-26','YYYY-MM-DD'),'What do you want for your birthday?  What about portraits trusts?');
insert into friend values(7,42,to_date('2017-08-27','YYYY-MM-DD'),'My dog just ate toddler dragon and it is all your fault.');
insert into friend values(41,61,to_date('2017-07-17','YYYY-MM-DD'),'What are you doing tonight?  I found this switch indian I want to try!');
insert into friend values(5,85,to_date('2017-07-21','YYYY-MM-DD'),'Check out the thompson! #phillipsfinishing');
insert into friend values(34,46,to_date('2017-08-15','YYYY-MM-DD'),'Check out the toner! #indicatessurgery');
insert into friend values(5,34,to_date('2017-05-26','YYYY-MM-DD'),'Did you get the voyuer I sent you?');
insert into friend values(18,68,to_date('2017-02-07','YYYY-MM-DD'),'What do you want for your birthday?  What about hydraulic seekers?');
insert into friend values(2,26,to_date('2017-12-06','YYYY-MM-DD'),'Check out the device! #livecamorlando');
insert into friend values(80,95,to_date('2017-05-08','YYYY-MM-DD'),'Check out the handjob! #popularbouquet');
insert into friend values(23,58,to_date('2017-12-19','YYYY-MM-DD'),'What are you doing tonight?  I found this jumping employer I want to try!');
insert into friend values(1,77,to_date('2017-09-26','YYYY-MM-DD'),'What do you want for your birthday?  What about pursuit positive?');
insert into friend values(43,82,to_date('2017-02-14','YYYY-MM-DD'),'My dog just ate christ spies and it is all your fault.');
insert into friend values(17,39,to_date('2017-05-11','YYYY-MM-DD'),'My dog just ate armor surgeon and it is all your fault.');
insert into friend values(28,82,to_date('2017-08-11','YYYY-MM-DD'),'Today in cs1555 we talked about that.  In Oracle, we use fees, but in PostgreSQL we use creates.');
insert into friend values(22,52,to_date('2017-11-22','YYYY-MM-DD'),'What are you doing tonight?  I found this friday diesel I want to try!');
insert into friend values(53,61,to_date('2017-03-22','YYYY-MM-DD'),'Check out the rocky! #knightcreek');
insert into friend values(8,37,to_date('2017-05-09','YYYY-MM-DD'),'Today in cs1555 we talked about witch.  In Oracle, we use chrysler, but in PostgreSQL we use grant.');
insert into friend values(24,72,to_date('2017-01-17','YYYY-MM-DD'),'What do you want for your birthday?  What about greater louisiana?');
insert into friend values(26,93,to_date('2017-09-20','YYYY-MM-DD'),'Check out the fireplace! #mimepatents');
insert into friend values(27,84,to_date('2017-11-08','YYYY-MM-DD'),'My dog just ate ball founder and it is all your fault.');
insert into friend values(44,66,to_date('2017-05-05','YYYY-MM-DD'),'Today in cs1555 we talked about examining.  In Oracle, we use helps, but in PostgreSQL we use caps.');
insert into friend values(46,48,to_date('2017-10-08','YYYY-MM-DD'),'My dog just ate infant versions and it is all your fault.');
insert into friend values(24,43,to_date('2017-05-08','YYYY-MM-DD'),'Today in cs1555 we talked about franchise.  In Oracle, we use very, but in PostgreSQL we use alter.');
insert into friend values(22,63,to_date('2017-06-08','YYYY-MM-DD'),'Check out the unix! #eagleswise');
insert into friend values(30,96,to_date('2017-10-01','YYYY-MM-DD'),'Did you get the separated I sent you?');
insert into friend values(15,77,to_date('2017-06-15','YYYY-MM-DD'),'Did you get the trauma I sent you?');
insert into friend values(6,53,to_date('2017-12-21','YYYY-MM-DD'),'Check out the mariah! #escaperelates');
insert into friend values(60,81,to_date('2017-05-14','YYYY-MM-DD'),'Today in cs1555 we talked about greg.  In Oracle, we use gentle, but in PostgreSQL we use slip.');
insert into friend values(47,53,to_date('2017-12-16','YYYY-MM-DD'),'What are you doing tonight?  I found this decided feeds I want to try!');
insert into friend values(19,46,to_date('2017-04-09','YYYY-MM-DD'),'Today in cs1555 we talked about warcraft.  In Oracle, we use network, but in PostgreSQL we use dust.');
insert into friend values(26,37,to_date('2017-03-02','YYYY-MM-DD'),'What are you doing tonight?  I found this reasons pixel I want to try!');
insert into friend values(5,9,to_date('2017-07-06','YYYY-MM-DD'),'Did you get the planning I sent you?');
insert into friend values(67,93,to_date('2017-11-07','YYYY-MM-DD'),'Hey, I saw rapidly tears and it reminded me of boob.');
insert into friend values(63,87,to_date('2017-07-01','YYYY-MM-DD'),'Check out the english! #couragereligions');
insert into friend values(25,53,to_date('2017-07-19','YYYY-MM-DD'),'Did you get the rendering I sent you?');
insert into friend values(13,85,to_date('2017-11-01','YYYY-MM-DD'),'What do you want for your birthday?  What about pepper tension?');
insert into friend values(29,92,to_date('2017-08-27','YYYY-MM-DD'),'Today in cs1555 we talked about construct.  In Oracle, we use clan, but in PostgreSQL we use editions.');
insert into friend values(37,78,to_date('2017-04-10','YYYY-MM-DD'),'Check out the claims! #gentlemansoftball');
insert into friend values(23,79,to_date('2017-09-09','YYYY-MM-DD'),'Did you get the uses I sent you?');
insert into friend values(61,69,to_date('2017-02-09','YYYY-MM-DD'),'Check out the stop! #acousticmarshall');
insert into friend values(32,50,to_date('2017-05-22','YYYY-MM-DD'),'Today in cs1555 we talked about concluded.  In Oracle, we use vice, but in PostgreSQL we use tagged.');
insert into friend values(66,95,to_date('2017-05-05','YYYY-MM-DD'),'Did you get the edited I sent you?');
insert into friend values(13,57,to_date('2017-11-19','YYYY-MM-DD'),'Check out the someone! #devonsalvador');
insert into friend values(51,96,to_date('2017-12-20','YYYY-MM-DD'),'What do you want for your birthday?  What about hold contains?');
insert into friend values(36,58,to_date('2017-07-04','YYYY-MM-DD'),'What are you doing tonight?  I found this debut acres I want to try!');
insert into friend values(9,40,to_date('2017-12-08','YYYY-MM-DD'),'Check out the stephen! #convictedhttp');
insert into friend values(2,72,to_date('2017-02-25','YYYY-MM-DD'),'My dog just ate odds paint and it is all your fault.');
insert into friend values(71,82,to_date('2017-10-04','YYYY-MM-DD'),'Hey, I saw lamp late and it reminded me of tracker.');
insert into friend values(5,48,to_date('2017-09-03','YYYY-MM-DD'),'Did you get the invite I sent you?');
insert into friend values(10,43,to_date('2017-07-11','YYYY-MM-DD'),'Check out the eyed! #hostingnovelty');
insert into friend values(66,84,to_date('2017-08-24','YYYY-MM-DD'),'What do you want for your birthday?  What about loop escape?');
insert into friend values(50,54,to_date('2017-06-22','YYYY-MM-DD'),'Today in cs1555 we talked about offer.  In Oracle, we use mice, but in PostgreSQL we use fight.');
insert into friend values(35,49,to_date('2017-01-10','YYYY-MM-DD'),'Check out the favorite! #outeraccurate');
insert into friend values(21,76,to_date('2017-07-20','YYYY-MM-DD'),'What do you want for your birthday?  What about grew adams?');
insert into friend values(44,88,to_date('2017-08-03','YYYY-MM-DD'),'Check out the prices! #movedexcess');
insert into friend values(4,22,to_date('2017-05-08','YYYY-MM-DD'),'My dog just ate closer visited and it is all your fault.');
insert into friend values(8,42,to_date('2017-02-19','YYYY-MM-DD'),'Did you get the regions I sent you?');
insert into friend values(58,98,to_date('2017-11-23','YYYY-MM-DD'),'My dog just ate heel applying and it is all your fault.');
insert into friend values(21,88,to_date('2017-07-27','YYYY-MM-DD'),'Did you get the phoenix I sent you?');
insert into friend values(4,69,to_date('2017-04-03','YYYY-MM-DD'),'Check out the printers! #liquidsomerset');
insert into friend values(25,81,to_date('2017-02-03','YYYY-MM-DD'),'Check out the routes! #sararelations');
insert into friend values(7,69,to_date('2017-05-15','YYYY-MM-DD'),'What are you doing tonight?  I found this mongolia involved I want to try!');
insert into friend values(35,50,to_date('2017-07-20','YYYY-MM-DD'),'What do you want for your birthday?  What about cloud goal?');
insert into friend values(30,89,to_date('2017-05-27','YYYY-MM-DD'),'My dog just ate access theory and it is all your fault.');
insert into friend values(17,27,to_date('2017-10-13','YYYY-MM-DD'),'My dog just ate blind somalia and it is all your fault.');
insert into friend values(82,90,to_date('2017-09-20','YYYY-MM-DD'),'My dog just ate sugar homework and it is all your fault.');
insert into friend values(53,54,to_date('2017-07-22','YYYY-MM-DD'),'What do you want for your birthday?  What about approx church?');
insert into friend values(5,17,to_date('2017-01-05','YYYY-MM-DD'),'Today in cs1555 we talked about desktops.  In Oracle, we use latina, but in PostgreSQL we use pokemon.');
insert into agroup values(1,'dblovers',10,'We love databases.');
insert into groupMember values(1,1,'manager');
insert into agroup values(2,'catfolk',10,'We love cats.');
insert into groupMember values(2,2,'manager');
insert into agroup values(3,'catssuck',10,'We hate cats.');
insert into groupMember values(3,3,'manager');
insert into agroup values(4,'yinzers',10,'Yinz all are welcome here. No jagoffs allowed.');
insert into groupMember values(4,4,'manager');
insert into agroup values(5,'OracleAllStars',10,'Welcome to the dark side of the force.');
insert into groupMember values(5,5,'manager');
insert into agroup values(6,'PostGres4Lyfe',10,'The best DBMS there is.');
insert into groupMember values(6,6,'manager');
insert into agroup values(7,'SteelersFans',10,'Black and yellow.');
insert into groupMember values(7,7,'manager');
insert into agroup values(8,'PittCS',10,'Computer science for Pitt students.');
insert into groupMember values(8,8,'manager');
insert into agroup values(9,'PittCS Faculty',10,'Faculty network for Pitt CS department.');
insert into groupMember values(9,9,'manager');
insert into agroup values(10,'PennState',10,'Place for idiots to argue with one another.');
insert into groupMember values(10,10,'manager');


select * from profile;
select * from friend;
select * from message;
select * from agroup;
select * from groupMember;

-- Test that all messages are between existing friends (just tests the current insertion, this is not generally true)
-- case 1: there are no friends (x,y) such that message.fromID = x and message.toUserID = y
-- case 2: there are no friends (y,x) such that message.fromID = y and message.toUserID = x
-- If both are true, then we have an error
select * from message m
where
    not exists(
        select * from friend f where f.userID1 = m.fromID and f.userID2 = m.toUserID
        )
    and
    not exists(
        select * from friend f where f.userID2 = m.fromID and f.userID1 = m.toUserID
        )
;

